['Andrew Ralph :  Cavendish Dental Care: Chesterfield, Derbyshire. https://heeoe.hee.nhs.uk/node/8300   [Derbyshire Scheme]', 
 'Suhael Zaro :  Genesis Dental Care: South Normanton, Alfreton, Derbyshire. https://heeoe.hee.nhs.uk/node/8302   [Derbyshire Scheme]', 
 'Rami Khatib :  Glumangate Dental Practice: Chesterfield, Derbyshire. https://heeoe.hee.nhs.uk/node/8293   [Derbyshire Scheme]', 
 'Trishan Malhi, Harpreet Saduera:  Cavendish Dental Practice: Cavendish, Derby, Derbyshire. https://heeoe.hee.nhs.uk/node/8294   [Derbyshire Scheme]', 
 'Ishaaq Mirza :  Coach House Dental Practice: Matlock, Derbyshire. https://heeoe.hee.nhs.uk/node/8296   [Derbyshire Scheme]', 
 'Collins Atalor :  Market Place Family Dental Centre: Mansfield, Nottinghamshire. https://heeoe.hee.nhs.uk/node/8433   [Derbyshire Scheme]', 
 'Faiz Khan :  Somercotes Family Dental Centre: Somercotes, Alfreton, Derbyshire. https://heeoe.hee.nhs.uk/node/8434   [Derbyshire Scheme]', 
 'Georgia Karamitrou :  High Street Dental Clinic: Staveley, Chesterfield, Derbyshire. https://heeoe.hee.nhs.uk/node/8435   [Derbyshire Scheme]', 
 'Aneta  Mioduszewska :  Charming Smiles Dental Practice: Alvaston, Derbyshire. https://heeoe.hee.nhs.uk/node/8295   [Derbyshire Scheme]', 
 'Nadia Duarte :  Amber Valley Dental Practice: Swanwick, Alfreton, Derbyshire. https://heeoe.hee.nhs.uk/node/8341   [Derbyshire Scheme]', 
 'Catriona Peterson, Lewis Hamill:  London Road Dental Practice: Newark, Nottinghamshire. https://heeoe.hee.nhs.uk/node/8321   [Lincolnshire and Nottinghamshire]', 
 'Chandan Sharma :  Buttercross View Dental Practice: Bingham, Nottinghamshire. https://heeoe.hee.nhs.uk/node/8323   [Lincolnshire and Nottinghamshire]', 
 'Graham Wilkinson, Riten Patel:  Carlton Dental Care: Carlton, Nottinghamshire. https://heeoe.hee.nhs.uk/node/8324   [Lincolnshire and Nottinghamshire]', 
 'Riten  Patel, Graham Wilkkinson:  Carlton Dental Care: Carlton, Nottinghamshire. https://heeoe.hee.nhs.uk/node/8325   [Lincolnshire and Nottinghamshire]', 
 'Vitesh Patel, Mayur Patel:  Sherwood Dental care: Nottingham, Nottinghamshire. https://heeoe.hee.nhs.uk/node/8320   [Lincolnshire and Nottinghamshire]', 
 'Michael Armstrong, Saquib Aziz:  Bridgford Dental Practice: West Bridgford, Nottingham, Nottinghamshire. https://heeoe.hee.nhs.uk/node/8316   [Lincolnshire and Nottinghamshire]', 
 'Navjit Kaur Jandu, Anna Villa Berguet:  Treeline Dental Care Lincoln: Lincoln, Lincolnshire. https://heeoe.hee.nhs.uk/node/8326   [Lincolnshire and Nottinghamshire]', 
 'Nilesh Dayaram, Vinay Mehta:  Beeston Dental Practice and Implant Clinic: Beeston, Nottinghamshire. https://heeoe.hee.nhs.uk/node/8318   [Lincolnshire and Nottinghamshire]', 
 'Paul Moore :  Shirebrook Dentalcare: Shirebrook, Nottinghamshire . https://heeoe.hee.nhs.uk/node/8297   [Lincolnshire and Nottinghamshire]', 
 'Peter  Butcher, Claire Simpson:  Maltings Dental Practice: Grantham, Lincolnshire. https://heeoe.hee.nhs.uk/node/8317   [Lincolnshire and Nottinghamshire]', 
 'Claire Simpson, Peter Butcher:  Maltings Dental Practice: Grantham, Lincolnshire. https://heeoe.hee.nhs.uk/node/8456   [Lincolnshire and Nottinghamshire]', 
 'Kamal Singh Missan :  Hilton Dental Clinic: West Bridgford, Nottinghamshire. https://heeoe.hee.nhs.uk/node/8319   [Lincolnshire and Nottinghamshire]', 
 'Israr Razaq, Imran Rafiq:  Tulip Dental Practice: Spalding, Lincolnshire. https://heeoe.hee.nhs.uk/node/8322   [Lincolnshire and Nottinghamshire]', 
 'Mohammed Saleem,  Waseem Farooq:  Stamford Dental Care: Stamford, Lincolnshire. https://heeoe.hee.nhs.uk/node/8343   [Lincolnshire and Nottinghamshire]', 
 'Maria Jose  Gutierrez Padilla, Ogbemudia Adeghe:  Treeline Dental Care: Sleaford, Lincolnshire. https://heeoe.hee.nhs.uk/node/8344   [Lincolnshire and Nottinghamshire]', 
 'Rohin - Ray Patel :  High Street Dental Clinic: Staveley, Derbyshire. https://heeoe.hee.nhs.uk/node/8299   [Derbyshire Scheme]', 
 'Sotirios Giannetopoulos, V Orliaklis & R Williams:  Staveley Dental Care: Staveley, Derbyshire. https://heeoe.hee.nhs.uk/node/8298   [Derbyshire Scheme]', 
 'Neil  Shaw, Raminder Rupra:  Eyre Street Dental: Clay Cross, Chesterfield, Derbshire. https://heeoe.hee.nhs.uk/node/8301   [Derbyshire Scheme]', 
 'Raminder Rupra, Neil Shaw:  Eyre Street Dental: Clay Cross, Chesterfield, Derbshire. https://heeoe.hee.nhs.uk/node/8439   [Derbyshire Scheme]', 
 'Rena Dajani :  Glumangate Dental Practice: Chesterfield, Derbyshire. https://heeoe.hee.nhs.uk/node/8292   [Derbyshire Scheme]', 
 'Adarsh Bhatt :  Blaby Dental Practice: Blaby, Leicestershire. https://heeoe.hee.nhs.uk/node/8304   [Leicestershire and Northamptonshire Scheme]', 
 'Ajay Thakor :  Brookview Dental: Leicester, Leicestershire. https://heeoe.hee.nhs.uk/node/8314   [Leicestershire and Northamptonshire Scheme]', 
 'Amar Shah, Sinal Shah:  Castilian Street Dental Practice: Northampton, Northamptonshire. https://heeoe.hee.nhs.uk/node/8311   [Leicestershire and Northamptonshire Scheme]', 
 'Amit Patel :  Knighton Dental Practice : Leicester, Leicestershire. https://heeoe.hee.nhs.uk/node/8310   [Leicestershire and Northamptonshire Scheme]', 
 'Arif Sadikot :  Highfields Dental Practice : Leicester, Leicestershire. https://heeoe.hee.nhs.uk/node/8339   [Leicestershire and Northamptonshire Scheme]', 
 'Brijender Khaseria :  SplenDental Care: Leicester, Leicestershire. https://heeoe.hee.nhs.uk/node/8306   [Leicestershire and Northamptonshire Scheme]', 
 'Hanif Moti :  Moti Smile Design Centre: Leicester, Leicestershire. https://heeoe.hee.nhs.uk/node/8309   [Leicestershire and Northamptonshire Scheme]', 
 'Harai Virdee :  Dental Art: Leicester, Leicestershire. https://heeoe.hee.nhs.uk/node/8315   [Leicestershire and Northamptonshire Scheme]', 
 'Himesh Amin :  Knighton Dental Practice : Leicester, Leicestershire. https://heeoe.hee.nhs.uk/node/8303   [Leicestershire and Northamptonshire Scheme]', 
 'Jai Shah :  Briarmeads Dental Practice: Oadby, Leicestershire. https://heeoe.hee.nhs.uk/node/8312   [Leicestershire and Northamptonshire Scheme]', 
 'Nitin Rawandale, Ravinder Lall:  Victoria Promenade Dental Practice: Northampton, Northamptonshire. https://heeoe.hee.nhs.uk/node/8307   [Leicestershire and Northamptonshire Scheme]', 
 'Shaminder Chahal, Sukhjit Lidder:  Lutterworth Dental Practice: Lutterworth, Leicestershire. https://heeoe.hee.nhs.uk/node/8308   [Leicestershire and Northamptonshire Scheme]', 
 'Ashish  Desai :  Pure Dental Studio: Market Harborough, Leicestershire. https://heeoe.hee.nhs.uk/node/8305   [Leicestershire and Northamptonshire Scheme]', 
 'Richard Staincliffe, Andrew Lamb:  Duston Dental Practice: Northampton, Northamptonshire. https://heeoe.hee.nhs.uk/node/8313   [Leicestershire and Northamptonshire Scheme]', 
 'Samir Mulgund :  Hillfields Dental Surgery: Coventry, West Midlands. https://heeoe.hee.nhs.uk/node/8229   [Leicestershire and Northamptonshire Scheme]', 
 'Sharon Kaur :  Willenhall Dental Care: Willenhall, Coventry, West Midlands. https://heeoe.hee.nhs.uk/node/8228   [Leicestershire and Northamptonshire Scheme]', 
 'Nilesh Shah, :  Gorse Covert Dental: Loughborough, Leicestershire. https://heeoe.hee.nhs.uk/node/8340   [Derbyshire Scheme]', 
 'Amit Parmar :  Sherwood House Dental Practice: Loughborough, Leicestershire. https://heeoe.hee.nhs.uk/node/8338   [Lincolnshire and Nottinghamshire]', 
 'Niraj Devalia :  Beaumont House Dental Practice: Loughborough, Leicestershire. https://heeoe.hee.nhs.uk/node/8333   [Lincolnshire and Nottinghamshire]', 
 'Amit Bhalla, Dhiren Lad:  Gipsy Lane Dental: Leicester, Leicestershire. https://heeoe.hee.nhs.uk/node/8330   [Nottinghamshire and Leicestershire  Scheme]', 
 'Harpreet Ark :  Smile Dental Care: Leicester, Leicestershire. https://heeoe.hee.nhs.uk/node/8327   [Nottinghamshire and Leicestershire  Scheme]', 
 'Kamaljeet Kalsi :  Willowbrook Dental Practice: Leicester, Leicestershire . https://heeoe.hee.nhs.uk/node/8335   [Nottinghamshire and Leicestershire  Scheme]', 
 'Rubina Khan :  The Whitehouse Dental Surgery LTD: Leicester, Leicestershire. https://heeoe.hee.nhs.uk/node/8336   [Nottinghamshire and Leicestershire  Scheme]', 
 'Zahir Kaderbhai :  Thurmaston Dental Practice: Thurmaston, Leicester, Leicestershire. https://heeoe.hee.nhs.uk/node/8334   [Nottinghamshire and Leicestershire  Scheme]', 
 'Zoeb Kapadia :  Smile Dental Care: Leicester, Leicestershire. https://heeoe.hee.nhs.uk/node/8328   [Nottinghamshire and Leicestershire  Scheme]', 
 'Ria Chande :  Desford Dental Care: Desford, Leicestershire. https://heeoe.hee.nhs.uk/node/6767   [Nottinghamshire and Leicestershire  Scheme]', 
 'Hanish Chotai, Shilpa Chotai:  Desford Dental Care: Desford, Leicestershire. https://heeoe.hee.nhs.uk/node/8332   [Nottinghamshire and Leicestershire  Scheme]', 
 'Urvi Bhawsar :  Doncaster Road Dental Practice: Leicester, Leicestershire. https://heeoe.hee.nhs.uk/node/8331   [Nottinghamshire and Leicestershire  Scheme]', 
 'Dhruna Mehta, Prerna Vather:  MM Dental Care : Leicester, Leicestershire. https://heeoe.hee.nhs.uk/node/8337   [Nottinghamshire and Leicestershire  Scheme]', 
 'Anoop  Deol :  Coventry Road Dentalcare: Bedworth, Warwickshire. https://heeoe.hee.nhs.uk/node/8223   [Nottinghamshire and Leicestershire  Scheme]', 
 'Manvinderjit Deol :  Holbrooks Dentalcare: Coventry, West Midlands. https://heeoe.hee.nhs.uk/node/8224   [Nottinghamshire and Leicestershire  Scheme]', 
 'Alexander Price :  Allesley Park Dental Practice: Coventry, West Midlands. https://heeoe.hee.nhs.uk/node/8234   [Nottinghamshire and Leicestershire  Scheme]', 
 'Ditesh  Panchal :  Face Dental: Coventry, West Midlands. https://heeoe.hee.nhs.uk/node/8231   [Nottinghamshire and Leicestershire  Scheme]', 
 'Gurvinder Chadha, Kiran Panchal:  Holyhead Dental Practice: Coventry, West Midlands. https://heeoe.hee.nhs.uk/node/8232   [Nottinghamshire and Leicestershire  Scheme]', 
 'Abhay Shah, Manish Patel:  Watford Dental Practice: Watford, Hertfordshire. https://heeoe.hee.nhs.uk/node/8356', 
 'Ronak Pandhi, Paul Jackson:  Amwell Street Dental Practice: Hoddesdon, Hertfordshire. https://heeoe.hee.nhs.uk/node/8348', 
 'Sabina Wadhwani, Mr Victor Gehani:  Shephall Dental Surgery: Stevenage, Hertfordshire. https://heeoe.hee.nhs.uk/node/8347', 
 'Kalpana Patel, :  Chrysalis Dental Practice: Watford, Hertfordshire. https://heeoe.hee.nhs.uk/node/8352', 
 'Samir  Shah, Ashika Shah:  Poynters Road Dental Practice: Dunstable, Bedfordshire. https://heeoe.hee.nhs.uk/node/8357', 
 'Manish Patel, Mr Abhay Shah:  Dunstable Dental Practice: Dunstable, Bedfordshire. https://heeoe.hee.nhs.uk/node/8353', 
 'Daniele  Montagliani, :  Kimbolton Dental Practice: Bedford, Bedfordshire. https://heeoe.hee.nhs.uk/node/8358', 
 'Helen  Kefford, Heidi Cheung:  Sandy Dental Care: Sandy, Bedfordshire. https://heeoe.hee.nhs.uk/node/8349', 
 'Heidi Cheung, Helen Kefford:  Sandy Dental Care: Sandy, Bedfordshire. https://heeoe.hee.nhs.uk/node/8346', 
 'Jayen Patel, Puja Patel:  Birchwood Dental: Hatfield, Hertfordshire. https://heeoe.hee.nhs.uk/node/8351', 
 'Jeremy Norris, Elaine Parsons:  St Kildas Dental Practice: Tring, Hertfordshire. https://heeoe.hee.nhs.uk/node/8350', 
 'Preeya Sakerchand, Nilesh Sakerchand & Steven Tran:  West Street Dental Practice: Leighton Buzzard, Bedfordshire. https://heeoe.hee.nhs.uk/node/8355', 
 'Nilesh Sakerchand, Preeya Sakerchand & Steven Tran:  West Street Dental Practice: Leighton Buzzard, Bedfordshire. https://heeoe.hee.nhs.uk/node/8354', 
 'Amiras Chokshi, Mohnisha Jawaheer:  Littleport Dental Surgery: Harlow, Essex. https://heeoe.hee.nhs.uk/node/8360', 
 'Bhasker Mehta, Dr Rajan Mehta:  Lister House Dental Centre: . https://heeoe.hee.nhs.uk/node/8365', 
 'Dipali Chokshi, Marzena Setkowska Gross:  March Dental Surgery: March, Cambridgeshire. https://heeoe.hee.nhs.uk/node/8361', 
 'N/A POST ', 
 'Gurpram Lidder, :  Queensbury Dental Practice: Dunstable, Bedfordshire. https://heeoe.hee.nhs.uk/node/8364', 
 'Kiran Jutla, Rahendra & Saroshen Naidoo:  De-ientes Bedford and  De-ientes Clapham : Bedford, Bedfordshire and Clapham, Bedfordshire. https://heeoe.hee.nhs.uk/node/8366', 
 'Martin  Whelan, Dr Michael Taylor:  Greenleaves Dental Practice: Potters Bar, Hertfordshire. https://heeoe.hee.nhs.uk/node/8371', 
 'Paul Sanders, Natalie Grigg & Rishi Patel:  Melbourn Dental Practice: Melbourn, Cambridgeshire. https://heeoe.hee.nhs.uk/node/8369', 
 'Preeti Bose, Raj Wadhwani:  Antwerp House Dental Practice: Cambridge, Cambridgeshire. https://heeoe.hee.nhs.uk/node/8359', 
 'Robert Horseman, :  Mydentist AOHC: St Ives, Cambridgeshire. https://heeoe.hee.nhs.uk/node/8363', 
 "Thomas Norfolk, Chloe Richardson & Salman Sheikh:  St Mary's Dental Practice: Ely, Cambridgshire . https://heeoe.hee.nhs.uk/node/8367", 
 "Salman Sheikh, Thomas Norfolk & Chloe Richardson:  St Mary's Dental Practice: Ely, Cambridgshire . https://heeoe.hee.nhs.uk/node/8440", 
 'Pritesh Vithlani, :  Church Road Dental: Welwyn Garden City, Hertfordshire. https://heeoe.hee.nhs.uk/node/8370', 
 'Tolulope Abi Ogunyemi, :  Newmarket Road Dentistry: Cambridge, Cambridgeshire. https://heeoe.hee.nhs.uk/node/8368', 
 'Arif Jiwa, Michael Taylor:  Broxbourne Dental Practice: Broxbourne, Hertfordshire. https://heeoe.hee.nhs.uk/node/8418', 
 'Bhupesh patel, Promodh Datta & Omar Munshi:  Grays Dental Centre: Grays, Essex. https://heeoe.hee.nhs.uk/node/8387', 
 'N/A - POST ', 
 'Hardik Patel, Satin Patel & Joshua Meakin:  Valley Dental Practice: Buckhurst HIll, Essex. https://heeoe.hee.nhs.uk/node/8394', 
 'Olayinka Awolesi, :  Hatfield Peveril Dental Surgery: Hatfield Peverel, Chelmsford, Essex. https://heeoe.hee.nhs.uk/node/8384', 
 'Stephen  Denny, Ben Marion:  The Benfleet Dental Clinic & Benfleet Dental Studio: Benfleet, Essex. https://heeoe.hee.nhs.uk/node/8388', 
 'Tara Barry, Daniel Caldwell:  The Benfleet Dental Clinic & Benfleet Dental Studio: Benfleet, Essex. https://heeoe.hee.nhs.uk/node/8385', 
 'Urvi Shah, :  Hoddesdon Dental Surgery: Hoddesdon, Hertfordshire. https://heeoe.hee.nhs.uk/node/8396', 
 'Amit T Patel , :  Brickfields Dental Care: Woodham Ferrers, Essex. https://heeoe.hee.nhs.uk/node/8393', 
 'Sanjay Sareen, Sunny  Sareen:  Smile Dental Centre: Basildon, Essex. https://heeoe.hee.nhs.uk/node/8395', 
 'Amit Patel, Mehryar Marjani:  Heybridge Dental Practice: Heybridge, Nr. Maldon, Essex. https://heeoe.hee.nhs.uk/node/8392', 
 'Mital Patel, Frederick Fernando:  The Walden Dental Clinic: Saffron Walden, Essex. https://heeoe.hee.nhs.uk/node/8389', 
 'Neal Mehta, Dr Dennis (Dionysis) Gantzias:  Lister House Dental Centre: Harlow, Essex. https://heeoe.hee.nhs.uk/node/8390', 
 'Jacqueline Jameson-Savill, Mehreen Hussain:  Corringham Dental Practice: Corringham, Essex. https://heeoe.hee.nhs.uk/node/8391', 
 'Agnieszka  Marcinkowska-Lagosz, :  Great Horkesley Dental Studio: Great Horkesley, Colchester, Essex. https://heeoe.hee.nhs.uk/node/8432', 
 'Anup Ladva, :  Braintree Dental Studio: Braintree, Essex. https://heeoe.hee.nhs.uk/node/8420', 
 'Brad Hawkins, Leanne Onslow:  Homewood Dental Practice: Brentwood, Essex. https://heeoe.hee.nhs.uk/node/8416', 
 'Leanne Onslow, Brad Hawkins:  Homewood Dental Practice: Brentwood, Essex. https://heeoe.hee.nhs.uk/node/8415', 
 'Chrisoula  Nicolopoulos, Sean Barlow:  Broxbourne Dental Care: Broxbourne, Hertfordshire. https://heeoe.hee.nhs.uk/node/8424', 
 'Hayden Dixon, Nick Barker:  Bromley Road Dental Surgery: Colchester, Essex. https://heeoe.hee.nhs.uk/node/8411', 
 'Nick Barker, Hayden Dixon:  Bromley Road Dental Surgery: Colchester, Essex. https://heeoe.hee.nhs.uk/node/8410', 
 'Jin Vaghela, Ali Chohan& Fahad Sheikh:  Cobbins Brook Smile Clinic: Waltham Abbey, Essex. https://heeoe.hee.nhs.uk/node/8414', 
 'Mohammed Ali Chohan, Jinesh Vaghela & Fahad Sheikh:  Cobbins Brook Smile Clinic: Waltham Abbey, Essex. https://heeoe.hee.nhs.uk/node/8413', 
 'Neil Kotecha, :  Cassio Road Dental Practice: Watford, Hertfordshire. https://heeoe.hee.nhs.uk/node/8419', 
 'Kavi Ravaliya, Sachin Sedani:  North Hill Dental: Colchester, Essex. https://heeoe.hee.nhs.uk/node/8421', 
 'Sachin  Sedani, :  North Hill Dental Layer Road : Colchester, Essex. https://heeoe.hee.nhs.uk/node/8426', 
 'Anureet Kaur Gill, :  Thames Dental Surgery: Leigh-On-Sea, Essex. https://heeoe.hee.nhs.uk/node/8417', 
 'Sean Chiang, Arreni Somasegaran:  Broadway Dental Practice: Debden, Loughton, Essex. https://heeoe.hee.nhs.uk/node/8412', 
 'Shilpi  Rattan, Mayur Bhagalia:  Bushey Dental Surgery: Bushey, Watford, Hertfordshire. https://heeoe.hee.nhs.uk/node/8422', 
 'Amir Patel, :  Chells Dental Practice: Stevenage, Hertfordshire. https://heeoe.hee.nhs.uk/node/8376', 
 'Lydia Chao, Glen Taylor:  Dental Care Centre and Liverpool Road Clinic: Bedford and Luton, Bedfordshire. https://heeoe.hee.nhs.uk/node/8380', 
 'Glen Taylor, Jacqueline Coomar & Steph Agar:  Community Dental Services: Houghton Regis, Bedfordshire. https://heeoe.hee.nhs.uk/node/8372', 
 'Minesh Patel, Rajan Prabhakar:  Chrysalis Dental Practice: Bedford, Bedfordshire and Watford, Hertfordshire. https://heeoe.hee.nhs.uk/node/8378', 
 'N/A POST ', 
 'N/A - POST ', 
 'Aamir Vaghela, :  Bricketwood Practice: Bricketwood, Nr. Watford, Hertfordshire. https://heeoe.hee.nhs.uk/node/8427', 
 'Sonal Patel, :  Broadwater Dental Practice: Stevenage, Hertfordshire. https://heeoe.hee.nhs.uk/node/8379', 
 'Jashan Jethwa, :  Village Dental Practice: Stevenage, Hertfordshire. https://heeoe.hee.nhs.uk/node/8374', 
 'Johanna Whelan, :  Stanstead Abbotts Dental Practice: Stanstead Abbotts Dental Practice. https://heeoe.hee.nhs.uk/node/8382', 
 'Hardeep  Matharu, :  Maple Dental Clinic: Luton, Bedfordshire. https://heeoe.hee.nhs.uk/node/8375', 
 'Marlise De Vos, :  The Gables Dental Practice: Cambridge, Cambridgeshire. https://heeoe.hee.nhs.uk/node/8373', 
 'Pooja Gehani, Lomas Patel:  Cranfield Dental Care: Hitchin, Hertfordshire. https://heeoe.hee.nhs.uk/node/8430', 
 'Kiranjit Devitt, :  No 1 High Street Dental Practice: Hitchin, Hertfordshire. https://heeoe.hee.nhs.uk/node/8431', 
 "Filip  Zigic, :  Bupa Dental Care Bishop's Stortford: Bishop's Stortford, Hertfordshire. https://heeoe.hee.nhs.uk/node/8383", 
 'Adam  Smith, Biran Shah:  John G Plummer & Associates: New Costessey and Thorpe St. Andrew, Norwich, Norfolk. https://heeoe.hee.nhs.uk/node/8409', 
 'Andrew Bell, :  JG Plummers & Associates : Bradwell & Gorleston (Great Yarmouth), Norfolk. https://heeoe.hee.nhs.uk/node/8398', 
 'Aseel  Salman, :  Clarence House Dental Care: Watton, Norfolk. https://heeoe.hee.nhs.uk/node/8408', 
 'Ashley Pettit, :  Capel Dental Ltd: Ipswich, Suffolk. https://heeoe.hee.nhs.uk/node/8407', 
 'Carla Martins, Ifaniyi Oshiga:  Beechcroft Dental Practice: Norwich, Norfolk. https://heeoe.hee.nhs.uk/node/8406', 
 'Ifaniyi Oshiga, Carla Martins:  Beechcroft Dental Practice: Norwich, Norfolk. https://heeoe.hee.nhs.uk/node/8425', 
 'Denver Fester, Ben Warminger:  John G. Plummer & Associates Dental Surgeons: Thorpe St. Andrew and New Costessy, Norwich, Norfolk. https://heeoe.hee.nhs.uk/node/8400', 
 'Ganga Allen, Kate Shackleton:  Community Dental Services: Bury St Edmunds, Suffolk. https://heeoe.hee.nhs.uk/node/8397', 
 'Jillian  Geaney, Kate Pearce:  Wedgwood House Dental Practice: Stowmarket, Suffolk. https://heeoe.hee.nhs.uk/node/8401', 
 'Kate Pearce, Jillian Geaney:  Wedgwood House Dental Practice: Stowmarket, Suffolk. https://heeoe.hee.nhs.uk/node/8403', 
 'Arman  Maqbool, :  Manningtree Dental Practice: Manningtree, Essex. https://heeoe.hee.nhs.uk/node/8404', 
 'Daniel  Evans, Joshua Davies :  Hooker House Dental Practice : Halesworth, Suffolk. https://heeoe.hee.nhs.uk/node/8399', 
 'Cheerag Raval, :  Tavern Street Dental Practice: . https://heeoe.hee.nhs.uk/node/8428', 
 'Samuel  Ssenyonga, :  Corton Road Dental Surgery: Lowestoft, Suffolk. https://heeoe.hee.nhs.uk/node/8429', 
 'N/A ', 
 "Orchard House Dental Practice, 6 King's Road, Headcorn, TN27 9QU", 
 'AA Tikare & Associates, 14 Wrotham Road, Gravesend, DA11 0PA', 
 'High Street Medical Dental, 76-78 High Street, Gillingham, ME7 1AY', 
 'Park road Dental, 13 Park Road, Sittingbourne, ME101DR', 
 'McKenzies Dental Surgery, Old Coffee House, London Road, Sevenoaks, TN13 1AH', 
 'Premier Dental Care, 93 High Street, Chatham, Kent, ME4 4DL', 
 'Eastgate Dental Practice, 1-4 Eastgate Court, High Street, Rochester, ME1 1EU', 
 '160 Main Road, Sutton At Hone, Dartford , Kent, DA4 9HP', 
 'Wyndcott Dental Centre, Birchwood Park Avenue, Swanley, BR8 7AT', 
 'Thorndike Dental Care, 374 High Street, Rochester, ME1 1DJ', 
 'Franklin House Dental Practice, 15 Franklin Road, Gillingham, ME7 4DF', 
 'Lavender Close Dental Practice, 1 Lavender Close, King George Road, Chatham, ME5 0PU', 
 'Nelson Road Dental Practice, 193 Nelson Road, Gillingham, ME7 4NB', 
 'Watling Street Dental Care 56 Watling Street Gillingham Kent', 
 'Chopra & Associates, Sutton House, 5 London Road, Sittingbourne, ME10 1NQ', 
 'Bute House Dental Surgery, 30 Victoria Road, Deal, CT14 7BH', 
 'Luton Arches Dental, 425 High Street, Chatham, ME4 4NU', 
 'A1 Dental, 52 London Road,canterbury, CT28LF', 
 'Gatehouse Dental Practice, 128 Station Road, Addlestone, KT15 2BQ', 
 'Bewbush Dental Surgery, 3 Goodwin Close, Bewbush, Crawley, RH11 8XU', 
 '46 Middle Gordon Road, Camberley, GU15 2HT', 
 'This post will be split across practice and community (Crabtree Dental Practice, 25 Crabtree Road, Crawley, RH11 7HL)', 
 'Crabtree Dental Practice, 25 Crabtree Road, Crawley, RH11 7HL', 
 'The Corner House Dental Practice, 5 The Causeway, Horsham, RH12 1HE', 
 'Brightsmile Dental Care, 19 Shelvers Hill\t, Tadworth, KT20 5PU', 
 'Caterham Dental Care, 23 Essendene Road, Caterham, CR3 5PB', 
 'This post will be split across practice and community Practice details: Special Care Dental ServiceHaywards Heath Health Centre, Heath Road, RH16 3BB', 
 'Fairlands Dental Centre, Fairlands Avenue, Guildford, GU3 3NA', 
 'Bourne Hall Dental Practice, 1st Floor, Bourne Hall Dental Centre, Chessington Road, Ewell, KT17 1TG', 
 'Dentalessence69 Station RoadBurgess HillRH15 9DY', 
 '37 Wilton Road Bexhill on Sea', 
 'This post will be split across practice and community. Practice Details: North Challey Dental Care, The Surgery station road, Lewes, BN84HD', 
 'North Challey Dental Care, The Surgery station road, Lewes, BN84HD', 
 "Harrow Lane Dental Practice, 204 Harrow LaneSt. Leonard's-on-SeaTN37 7JZ", 
 "Battle Road Dental Practice, 120 Battle Road\tSt. Leonard's-on-SeaTN37 7AN", 
 'Eastbourne Dental Clinic2, Terminus Building, Upperton Road\tEastbourneBN21 1BA', 
 "Toad Hall Dental Surgery, 1 Upper Glen Road\tSt. Leonard's-on-Sea TN37 7AX", 
 'Billingshurst Dental Practice114 High StreetBillingshurstRH14 9QS', 
 'Quality Dental Care56 Mill RoadWorthingBN11 5DT', 
 'Southwater Dental PracticeStation Road HorshamRH13 9HQ', 
 'The Ilford Dental Centre, 131 Ley Street, Ilford, IG1 4BH', 
 'Smile Dental Clinic, 271 Aldborough Road, South Newbury Park, IG3 8JB', 
 'Vitality Dental Practice, 111 Philip Lane, Seven Sisters, N15 4JR', 
 'Alexandra Park Dental Practice\t263 Victoria Road\tWood Green\tN22 7XH', 
 'Burnt Oak Dental Practice, 213 Burnt Oak Broadway, Edgware, HA85EG', 
 'Broadway Dental Centre, 1 Compton Road, Winchmore Hill, N21 3PA', 
 'Southgate Smiles. 5 the Broadway Southgate London. N14 6PH', 
 'Small Dental, 66 Edgwarebury Lane, Edgware, HA8 8LX', 
 'Church End Dental Clinic 313 Regents Park Road Finchley N3 1DP', 
 'Kindandental 99 Newington Green RoadCanonburyN1 4QY', 
 'My Dental Care 141 Myddleton Road Wood Green N22 8NG', 
 'Dental Practice, Maldent Dental Practice, 34 Malden Road, NW5 3HH', 
 'Brecknock Dental,37 Brecknock Rd, N7 0BT', 
 'Park Vue Dental Practice, 204 High road, Wood Green,N22 8HH', 
 'Alexandra Park Dental Practice\t263 Victoria Road\tWood Green\tN22 7XH', 
 'East Barnet Village Dental, 19 Longmore Avenue, East Barnet, EN4 8AE', 
 'Streatfield Dental Surgery, 206 Streatfield Road, Harrow, HA3 9BU', 
 'Church End Dental Centre, 192 Church Road, Northolt, UB5 5AE', 
 'Bridge Dental Practice, 271 Northholt Road, Harrow Weald, HA2 8HS', 
 'Field End Dental Clinic, 70 Field End Road, Eastcote, HA5 2QG', 
 'Central Dental Care Kenton, 187 Kenton Road, Harrow, HA30EY', 
 'Central Dental, 555 High Road , Wembley, HA0 2DW', 
 'Revital Dental Care, 4 Shaftesbury Parade, South Harrow, HA2 0AJ', 
 '218 Dental, Leonida, Harrow, HA1 4JU', 
 'Acton Vale Dentists, 175 the Vale, Acton, W3 7RD', 
 'Harrow Weald Dental Practice, 359 High Road, Harrow Weald, HA3 5EQ', 
 'Dental Care Centre, 288 Preston Road, Harrow, HA3 0QA', 
 'Bilton Road Dental, 56 Bilton Road, Perivale, UB6 7DH', 
 'Edmonton Village Dental Practice,17 Kendall Parade,Edmonton, N181ND', 
 'Lasalle Dental. 415 Hertford Road, Enfield, EN3 5PT and Brecknock Dental,37 Brecknock Rd, N7 0BT. This post is across two sites/practices', 
 '172 long elms, Harrow Weald, HA3 5JZ & 21 Silicon Centre, 26-28 Wadsworth Road, Perivale, UB6 7JZ. this post is across 2 sites/practices.', 
 'Haydons Road Dental Practice, 120 Haydons Road, Wimbledon, SW19 1AW and TW13 Dental, 160A Twickenham Road, Hanworth, TW13 6HD. This post is across two', 
 'Clapton Dental Surgery, 83 Chatsworth Road, Clapton, E5 0LH', 
 'The Hoe Street Dental Practice, 337 Hoe Street, Walthamstow, E17 9BD', 
 'Beaufort Dental 10 Boulevard Drive, Colindale NW95QF', 
 'Salmon Lane Dental Care, 126 Salmon Lane, Limehouse, E14 7PQ', 
 'Dental Surgery Neasden Dental Clinic, 1 Dollis Hill Lane, Neasden, NW2 6JH', 
 'Harrow Road Dental Surgery, 349 Harrow Road, Maida Vale, W9 3RA', 
 'Vara Dental Practice, 290 High Street North, Manor Park, E12 6SA', 
 'Tooth & Mouth LTD, 355 North End Road, Fulham, SW6 1NW', 
 'Clocktower dental surgery, 1b wendover road, Harlesden, NW104RX', 
 'Bayswater Dental Surgery , 129 Queensway, Bayswater, London W2 4SJ', 
 'Whitestar Dental Care, UnitSu3/4, l,  Ilford , The Ilford exchange Mall, IG11AR', 
 'Chiswick Dental Care, 8 Chiswick Terrace, Acton Lane, London, W4 5LY', 
 'Forest Dental Care, 73 Hoe Street, Walthamstow, E17 4SA', 
 'Cricklewood Dental Practice,  165 Cricklewood Broadway, Cricklewood, NW2 3HY', 
 'Upton Park Dental Care\tUnit 1, 386-388 Green Street, E13 9AP', 
 'Dental Solutions, 161 Ilford Lane, Ilford, IG1 2RR', 
 'Leabridge Dental Practice, 433 Leabridge Road, Leyton, E10 7EA', 
 'Woodford Dental Care, 6 The Broadway, Woodford Green, IG8 0HL', 
 'Oak Hill Dental Practice,\t101 Oak Hill, Woodford Green, IG8 9PF', 
 'Wanstead Village Dental & Health Centre, Phoenix House, 24 High Street, Wanstead, E11 2AQ', 
 'Essence Dental Clinic, 219-221 Straight Road, Romford, RM3 7JP', 
 'Burgees Road Dental, 2 Burges Road, East Ham, E6 2BH', 
 'Cedars Dental Practice, 775 High Road, Leyton, E10 5AB', 
 'Brigstock Dental Practice, 97 Brigstock Road, Thornton Heath, CR7 7JL', 
 'Knightshill Dental Practice, 132 Knights Hill, SE27 0SR', 
 'West Croydon Dental Practice, 7 Derby Road, CR0 3SE', 
 'Lancaster House Dental Practice, 7 Lancaster Road, South Norwood, SE23 4BJ', 
 'Family Dental Practice, 262 Portland Road, South Norwood, SE25 4SL', 
 'smile 4u, 10, Belmont Parade, Green Lane, Chislehurst, Bromley, BR7 6AN', 
 'Forest  Hill Dental Surgery, 3 Dartmouth Road, Forest Hill, London, SE23 3HN', 
 'Ramani Dental Practice, 167 Selsdon Park Road, Croydon, CR2 8JJ', 
 'Sunningvale Dental Practice, 171, Sunningvale Avenue, Chilsehurst, TN16 3TL', 
 'MK Vascant and associates, 1210 London Rd, Norbury SW16 4DN', 
 'Rosehill Dental Surgery, 34 Wrythe Lane, Sutton, SM51AG', 
 'Ferndale House Dental Practice, 250 Bromley Road, BR2 0BW', 
 '2 Green Dental, 2 Green Walk, Dartford, DA1 4JL', 
 'ArkG Dental Centre, 12 High Street, Crayford, DA1 4HG', 
 'Deptford Dental Practice, 343 Evelyn Street, Deptford, London, SE8 5QW', 
 '158 Perry Vale, London, SE23 2LR', 
 'Camberwell Dental Care, 6 Camberwell Church Street, Camberwell, SE5 8QU', 
 'Hook Lane Dental Care, 15 Hook Lane, Welling, DA16 2DH', 
 'Charlton Village Dental Practice, 20 The Village, Charlton, SE7 8UD', 
 'Karia Dental, 23 Calderwood Street, SE18 6QW', 
 'Plumstead Dental Surgery, 8-14 Herbert Road, Plumstead, SE18 3SH', 
 'Family Dental Care & Sedation, 59A Dartmouth Road, SE23 3HN', 
 'Belmont Park Dental Car, 4 Belmont Park, Lewisham, SE13 5BJ', 
 'Kent House Dental, 180 Beckenham Rd, BR34RJ', 
 'Family Dental Practice, 61 Lampton Road, Hounslow, TW3 4DH', 
 'Dhiman Dental Surgery, 169 Percy Road Whitton, TW2 6JS', 
 'Hamilton Dental Care, 8 Hamilton Parade, Groveley Road, Feltham, TW13 4PJ', 
 'Quality Dental Fulham 337 North End Road Fulham London SW6 1NN', 
 'Inspire Dental Southall , 56-58 South Road, Southall , UB11RQ', 
 'Orchard House Dental Practice, 61 South Eden Park Road, BR3 3BQ', 
 'Castelnau Dentists, 200 Castelnau, Barnes, SW13 9DW', 
 '130 Dental Centre, 130 Coldharbour Lane, Hayes, UB3 3HB', 
 'The Dental Hygiene Centre, 593 London Road, North Cheam, SM3 9AG', 
 'Green Dental Care, 2-4 York Road, Battersea, SW11 3QA', 
 'Streatham Dental Centre, 393 Streatham High Road, SW16 3PE', 
 'Alpha Dental Studio, Chester-Le-Street, Co Durham DH2 2TT', 
 'Park Avenue Dental Practice, Redcar, Cleveland TS10 3LA', 
 'Family Dental Practice, 2 Roseberry Shopping Centre, Redcar, Cleveland TS10 4NY', 
 'DC Daniels Dental Practice, Linthorpe, Middlesbrough TS5 5PH & DC Daniels Dental Practice, North Ormesby, Middlesbrough  TS3 6AL  working across 2 practices', 
 'Berwick Hills Dental Practice, Berwick Hills, Middlesbrough TS3 7PB', 
 'Marton Dental Practice, Marton, Middlesbrough, TS7 8DU', 
 'Saltburn Dental, Saltburn-by-the-Sea, Cleveland TS12 1AH', 
 'Alpha Dental Studio, Fairfield, Stockton-on-Tees TS19 7PP', 
 'Shildon Smile Care, Shildon, Co Durham DL4 1AL', 
 'West Auckland Dental Practice, West Auckland, Co Durham DL14 9HW', 
 'Burgess & Hyder, Ferryhill, Co Durham DL17 8LG', 
 'Bennisons Dental Practice, Brandon, Durham DH7 8NN', 
 'Northern Smiles Dental Practice, Crook, Co Durham DL15 9BE', 
 'Honour Health Stanley, Stanley, Co Durham DH9 0JE', 
 'Shotley Bridge Dental Care, Blackhill, Co Durham DH8 0BH', 
 'Longitudinal scheme - Marton Dental Practice, Marton, Middlesbrough, TS7 8DU', 
 'Framwellgate Dental Care, Framwellgate Moor, Durham, DH1 5EJ', 
 'Churchview Dental Practice, Easington Lane DH5 0JN & Dairy Lane Dental Practice, Houghton Le Spring, DH4 5BH.  Working over 2 practcies', 
 'Grange Dental Centre, Gosforth, Newcastle NE3 2DQ', 
 'Grange Road West Dental Practice, Jarrow, Tyne & Wear, NE32 3JA', 
 'The Dental Care Clinic, Westerhope, Newcastle NE5 2LH', 
 'Tyneview Dental Practice, Benwell, Newcastle NE15 6TB', 
 '1a Dentist, South Shields, Tyne & Wear NE33 1PD', 
 'The Dental Centre, Washington, Tyne & Wear NE37 2BA', 
 'Frederick Street Family Dental Practice, Sunderland SR1 1NF', 
 'James Robinson, Greencroft Lodge Dental Practice, Rowlands Gill, Tyne & Wear, NE39 1HX', 
 'Longitudinal scheme - Grange Road West Dental Practice, Jarrow, Tyne & Wear, NE32 3JA', 
 'Longitudinal scheme - InDental, Felling, Gateshead NE3 4NQ', 
 'Longitudinal scheme - The Whitley Dental Clinic,Whitley Bay, Tyne & Wear NE26 1DS', 
 'Longitudinal scheme - My Dentist, South Shields, Tyne & Wear NE33 4LZ', 
 'Paul Edwards, Greencroft Lodge Dental Practice, Rowlands Gill, Tyne & Wear, NE39 1HX', 
 'Ryan Gray, Angel Dental Care, 6 Frenton Close, Chapel House, Newcastle, NE5 1EH', 
 'Ilfracombe Dental Practice, Whitley Bay, Tyne & Wear, NE26 3SL', 
 'InDental, Felling, Gateshead, NE3 4NQ', 
 '137 The Dental Practice, 137 Kenton Road, Gosforth,Newcastle, NE3 4 NQ', 
 'Lucy Maine, Angel Dental Care, 6 Frenton Close, Chapel House, Newcastle, NE5 1EH', 
 'The Dental Surgery, Wigton, Cumbria CA7 0AP', 
 'Eden Dental Practice, Carlisle, Cumbria CA1 1EA', 
 'Bridge Street Dental Practice, Morpeth, Northumberland NE61 1NB', 
 'Rivenhall Dental Practice, Cramlington, Northumberland NE23 6RA', 
 'Horizon Dental Clinic, Blyth, Northumberland NE24 2DS', 
 'Abbey Dental Practice,Hexham, NE46 3LZ', 
 'Longitudinal scheme - Butterworth Dental Practice, Alnwick, Northumberland NE66 1PR', 
 'Sonu Thomas, Thomas & Thomas Dental Associates, 129 Whitegate Drive, Blackpool, FY3 9BU', 
 'Sharon Hurwitz, Ravat & Ray Dental Care, Brackley House, Brackley Street, Farnworth, Bolton, BL4 9ES', 
 'Shireen Sabir, Ravat & Ray Dental Care, Brackley House, Brackley Street, Farnworth, Bolton, BL4 9ES', 
 'Andrew Bennison, Bolton Brite Ltd, Bennison Dental Practice, 401 - 405 Halliwell Road , Halliwell, Bolton, Lancashire BL1 8DE', 
 'Ibrar Saleem, Dr I Saleem & Colleagues Dental Practice, 566 Stockport Road, Longsight, Manchester, M12 4JJ', 
 'Amnah, Sarwar, Levenshulme Dental & Cosmetics  773 Stockport Road Levenshulme Manchester M19 3DL', 
 'Mohammed Umar, Birch Dental Practice, 2 Hythe Close,  Manchester, M14 5AT', 
 'Asif Saleem, Manchester Dental Practice, 2-4 Exchange Street, Manchester,  M2 7HA', 
 'Ussama Butt, Manchester Dental Practice, 2-4 Exchange Street, Manchester,  M2 7HA', 
 'Sean Hasnain, Rusholme Dental Practice, 300 Great Western Street, Rusholme, Manchester, M14 4LP', 
 'Rebecca Togneri, Harbour Dental Practice, 25 Crewe Rd, Sandbach,  Cheshire, CW11 4NE', 
 'Adrian Feldman, The Willows Dental Practice,  141 Wilmslow Road, Handforth, Cheshire, SK9 3HX', 
 'N/A POST', 
 'Kate Hendrick, Sandon Dental Practice, 34 Hoole Road, Chester, Cheshire, CH2 2NJ', 
 'Paul Mottram, White House Dental Practice, 55 Chester Road, Huntington, Chester, Cheshire, CH3 6BS', 
 'Bilal Hussain, Alchemy Dental Practice, 203 Edleston Road, Crewe, Cheshire, CW2 7HP', 
 'Salman Malik, Alchemy Dental Practice, 203 Edleston Road, Crewe, Cheshire, CW2 7HP', 
 'Ben Russell, Alchemy Dental Practice, 203 Edleston Road, Crewe, Cheshire, CW2 7HP', 
 'Scott Hall, Middlewich Street Dental Practice, 50-52 Middlewich Street, Crewe, Cheshire, CW1 4DA', 
 'Andrew Crosby, 44 Northway,  Maghull, Merseyside,  L31 5LJ', 
 'Andy Norgrove, Kingsway Dental Practice, 41 Kingsway, Waterloo, Liverpool L22 4RG', 
 'Helen Clint, Muirhead Dental Practice, 50 Muirhead Avenue East, Norris Green, Liverpool, Merseyside L11 1EL', 
 'Thomas Ip, Oak Dental Care,  39 Liverpool Road, South Maghull, Merseyside, L31 7BN', 
 'Jamshaid Mansoor, Primadent Limited, 20 Bridgemere Close,  Liverpool L7 0LS', 
 'Riccardo Lo Giudice, The Dental House, 6-10 Derby Lane, Liverpool, Merseyside, L13 3DL', 
 'Catherine Stockdale, Crystal Dental Clinic Ltd, 211 Park Lane, Macclesfield, Cheshire, SK11 8AA', 
 'N/A - POST', 
 'Colin Farrington, Hoghton Street Dental Practice, 22 Hoghton Street, Southport, Merseyside, PR9 0PA', 
 'Jonathan Lea, Southport House Dental Practice, 69 Scarisbrick New Road, Southport, Merseyside, PR8 6LF', 
 'Paul Smith, The Village Dental Practice,  26 Station Road, Ainsdale, Southport , Merseyside, PR8 3HS', 
 'Thomas Hughes, JE Thorpe & Associates, 303-305 Mill Lane, St Helens, Merseyside, WA9 4EU', 
 'Heidi Wynne-Roberts, River Alt Centre for Dental Excellence, Woolfall Heath Avenue, Huyton, Liverpool, Merseyside, L36 3YE', 
 'Anne Boden, Clayton & Scott Dental Practice Ltd, 123 Lovely Lane,  Warrington, WA5 1UB', 
 'Jonathan Westall, Halton Road Dental Practice, 254 Halton Road, Runcorn, Cheshire, WA7 5RL', 
 'Ian Sproat, Museum Street Dental Practice, 11-13 Museum Street, Warrington,  WA1 1JA', 
 'Mary Samuel, Sankey Street Dental Practice, 61a Sankey Street, Warrington, Cheshire, WA1 1SL', 
 'Rachel Gibson, 406 Park Road North,  Birkenhead, Wirral, CH41 0DA', 
 'Nicola Keogh, Church Road Dental Practice, 66 Church Road, Bebington, Wirral, CH63 3EB', 
 'Helen Wilkie-Riley, Devonshire Park Dental Centre, 62 Greenway Road, Birkenhead, Wirral, CH42 7LX', 
 'Jane Willett, Glenside Dental Practice, 338 Pensby Road, Pensby, Wirral, CH61 9NG', 
 'Kate Preston, Heswall Dental Practice Service, 7 The Mount, Heswall, Wirral, CH60 4RE', 
 "Paul O'Brien, Neston Dental Care, 5 Park Street, Neston, Wirral, CH64 3RP", 
 'James Kerwick, Orchard Dental Practice, 15 Orchard Road, Moreton, Wirral, CH46 8TR', 
 'Helen Murphy, The Arno Dental Practice, 350 Woodchurch Road, Prenton, Wirral, CH42 8PG', 
 "Mark O'Connor, Westbourne Dental Practice, 118 Storeton Road, Birkenhead,Wirral, CH42 8NA", 
 'Taylor Pope, Woodchurch Dental Practice, 65 Hoole Road, Woodchurch, Wirral, CH49 8EQ', 
 'James Kuspisz, Woodchurch Dental Practice, 65 Hoole Road, Woodchurch, Wirral, CH49 8EQ', 
 'Shahzad Tahir, Park House Dental, Argyle Street, Accrington,  BB5 1DQ', 
 'Ausman Malik, Reedyford Dental Centre, 231-233 Leeds Road, Nelson, Lancashire, BB9 8EH', 
 'Mazhar Iqbal, Reedyford Dental Centre, 231-233 Leeds Road, Nelson, Lancashire, BB9 8EH', 
 'Natalie Connolly, Rossendale Dental Health Centre, 124 Burnley Road, Rawtenstall, Rossendale, Lancashire, BB4 8HH', 
 'Rosin Dickinson, Sandy Lane Dental Practice The Health Centre Sandy Lane Skelmersdale WN8 8LA', 
 'Amy Parr-Young, Sandy Lane Dental Practice The Health Centre Sandy Lane Skelmersdale WN8 8LA', 
 'Tom Friar, Skipton Road Dental Practice, 13 Skipton Road, Colne, Lancashire, BB8 0NQ', 
 'Neil McCullough, Skipton Road Dental Practice, 13 Skipton Road, Colne, Lancashire, BB8 0NQ', 
 'Matthew Goodall, Bateman & Best Dental Practice 330-334 Blackburn Road Darwen Lancashire BB3 0AA', 
 'Michael Best, Bateman & Best Dental Practice 330-334 Blackburn Road Darwen Lancashire BB3 0AA', 
 'Catherine Armstrong, Bateman & Best Dental Practice 330-334 Blackburn Road Darwen Lancashire BB3 0AA', 
 'N/A - POST', 
 'Jemma Thackray, BUPA Dental Care, 40-42 Victoria Road East, Thornton, Lancs, FY5 5BT', 
 'Elizabeth Macneil, Dentistry for All, 109 Scotland Road, Nelson, Lancashire, BB9 7XH', 
 'Francesca Thomson, Dentistry for All, 109 Scotland Road, Nelson, Lancashire, BB9 7XH', 
 'Ravinder Saroya, Droylsden Road Dental Practice, 117 Droylsden Road, Newton Heath, Manchester, M40 1NT', 
 'Malaz Alimam, Droylsden Road Dental Practice, 117 Droylsden Road, Newton Heath, Manchester, M40 1NT', 
 'Edwin Lee, Fogg, Whittingham & Casserley, 117 Long Street, Middleton, M24 6DL', 
 'Matthew Whittingham, Fogg, Whittingham & Casserley, 117 Long Street, Middleton, M24 6DL', 
 'Matthew Hodkinson, Langley Dental Practice, 215a Wood Street, Middleton, Manchester, M24 5RU', 
 'Umar Sharif, Portway Dental Practice, 40 Portway, Wythenshawe, Manchester, M22 1UB', 
 'Sun Ku, Blackley Dental Surgery, 214 Victoria Avenue, Higher Blackley, Manchester, M9 0RR', 
 'Mohsin Mahmood, Stonemount Dental Practice, 35 Victoria Avenue, Blackley, Manchester, M9 6RA', 
 'Darren Wilkinson, The Vallance Dental Centre 1st Floor, The Vallance Centre, Wadeson Road, Manchester, M13 9UJ', 
 'Nasreen Najefi, The Vallance Dental Centre 1st Floor, The Vallance Centre, Wadeson Road, Manchester, M13 9UJ', 
 'Sanjiv Patel, 112 Walmersley Road,  Bury, Lancashire, BL9 6DX', 
 'Navid Tahir, Whitworth Dental Care, 311-315 Market Street, Whitworth, Rochdale, OL12 8PW', 
 'Mukhtar Ahmad, Glodwick Dental Practice, Glodwick Health Centre, 12 Abbey Hills, Glodwick, Oldham, OL8 2BS', 
 'Waqas Ahmad, Glodwick Dental Practice, Glodwick Health Centre, 12 Abbey Hills, Glodwick, Oldham, OL8 2BS', 
 'Gareth Harper, Heywood Dental, 6 Manchester Street, Heywood, Manchester, OL10 1DL', 
 'Mohammed Khalid Mushtaq, Littleborough Dental Practice, 115 Featherstall Road, Littleborough, Manchester, OL15 8JZ', 
 'Yasser, Khan, Littleborough Dental Practice, 115 Featherstall Road, Littleborough, Manchester, OL15 8JZ', 
 'Muhammad Ali, Market Place Dental Practice, 6-8 Market Place, Ramsbottom,  BL0 9HT', 
 'Elizabeth Morris, Morris Dental Care, 20 Union Street, Oldham,  OL1 1BE', 
 'Francisco Casserley, Roch Valley Dental, 23 Roch Valley Way, Rochdale,  OL11 4PZ', 
 'Kristopher Berry, Roch Valley Dental, 23 Roch Valley Way, Rochdale,  OL11 4PZ', 
 'Amjad Chaudhary, The Tooth Place, 63-65 Yorkshire Street, Oldham, Manchester, OL1 3SL', 
 'Nazia Uddin, Bury Dental Practice, 434 Manchester Road, Bury, BL9 9NS', 
 'Varun Kaura, Ringway Dental Centre, Ringway House, Percy Street, Preston, PR1 1HQ', 
 'Helen Hughes, Station Dental Practice, 9-10 Golden Hill, Leyland, Preston, Lancs, PR25 3NN', 
 'Peter Equizi, 133 Hesketh Lane Tarelton Preston Lancashire PR4 6AS', 
 'Joseph Hitchings, Jones Dental Practice, 71 Union Street, Chorley, Lancashire, PR7 1AB', 
 'Alexis Jones, Jones Dental Practice, 71 Union Street, Chorley, Lancashire, PR7 1AB', 
 "Conor O'Neil, DCO Dental, 1 Hope Road, Sale, Manchester, M33 3AB", 
 'Mark Healey, DCO Dental, 1 Hope Road, Sale, Manchester, M33 3AB', 
 'Simon Cove, DCO Dental Group, Lakes Medical Centre, 53c Mainwood Road, Timperley, Altrincham, Cheshire, WA15 7JW', 
 'Halima Atcha, Ash Dental Practice, 228-230 Liverpool Road, Eccles, Manchester, M30 OPF', 
 'Gurpreet Midha, Salford Dental Practice, 483 Liverpool Street, Salford,  M6 5QQ', 
 'Sabeer Alikkantavaida, Smile Manchester, 331 Washway Road, Sale, Cheshire, M33 4EE', 
 'Scott Preece, Windsor Dental Practice, Belvedere Road, Salford,  M6 5EQ', 
 'Amit Chadda, Circle Dental Care Ltd, 16A Barton Road, Stretford, Manchester, M32 9TR', 
 'Ishaq Mahmood, Foxland Dental Surgery, 42 Foxland Road, Gatley, Manchester, SK8 4QB', 
 'Anupam Nandi, Gatley Park Dental Practice, 7 Northenden Road, Gatley, Cheadle, SK8 4EN', 
 'Shahzad Saleem, Glossop Dental Care, 27 Kershaw Street, Glossop,  SK13 8NN', 
 'Omar Siddique, Glossop Dental Care, 27 Kershaw Street, Glossop,  SK13 8NN', 
 'Tain Paik, Pearldent  442 Buxton Rd Stockport  SK2 7JB', 
 'Naika Gill, Pearldent  442 Buxton Rd Stockport  SK2 7JB', 
 'Liam Donaghy, Romiley Dental Practice, 91 Compstall Road, Romiley, Stockport, Manchester, SK6 4HT', 
 'Christopher Lakin, Bosden Farm Dental Practice, Offerton, Stockport, SK2 5JL', 
 'Joe Greene, Disley Dental Care, 5 Buxton Old Road, Disley, Stockport, Cheshire, SK12 2BB', 
 'Katherine Bromhall, Bredbury Dental Practice, 219 George Lane, Bredbury, Stockport, SK6 1DJ', 
 'Shahram Mirtorabi, Hindley Dental Practice, 1-5 Ladies Lane, Hindley, Wigan, WN2 2QA', 
 'Sebastian Kwiatkowski, Platt Bridge Dental Practice, 152 Walthew Lane, Platt Bridge, Wigan, WN2 5AW', 
 'N/A - POST ', 
 'Liam Quinn, Quinn Dental, 53 Main Street, Randalstown, BT41 3BB', 
 'Darren Walsh,P G Lawson & Associates, 26-34 Rathfriland Street, Banbridge, BT32 3LA', 
 'David Adgey,Bank Dental Practice, 231-235 Shankill Road, Belfast, BT13 1FQ', 
 'Deirdre Ball,One Dental, 1 Queen Street, Londonderry, BT48 7EF', 
 'Jeremy Doogan, Doogan Dental Care, 8 Finaghy Road South, Belfast, BT10 0DR', 
 "John O'Boyle,Antrim Dental Care, 15C Market Square, Antrim, BT41 4AW", 
 'Kathy Beirne, BUPA Dental Care, 350 Antrim Road, Glengormley, BT36 5EQ', 
 'Kegan Lewis,Sperrin Smile Dental Care, 78 Main Street, Dungiven, BT47 4LG', 
 'Mark Johnston,The Dundonald Dental Practice, 963-969 Upper Newtownards Road, Dundonald, BT16 1RL', 
 'Mary Claire Carroll,Sliabh Mor Dental Care Unit 36, Kennedy Centre, 564-568 Falls Road Belfast, BT11 9AE', 
 'Michael Clements,Clements Dental Care, 22 West Street, Carrickfergus, BT38 7AR', 
 'Adam Jeffers,Loughry Dental Practice, 3A Kilycolp Road, Cookstown, BT80 9AD', 
 'Owen Devlin,Devlin Dental Practice, 55 Thomas Street, Dungannon, BT70 1HW', 
 'Stuart Fitzgerald,BUPA Dental Care, 292 Shore Road, Newtownabbey, BT37 9RW', 
 'Mark Morris,The Glens Dental Practice, 2 Gortaclee Road, Cushendall, BT44 0TE', 
 'Raymond Haugh & Andrew Haugh,Haugh Dental Care, 3-5 Newcastle Street, Kilkeel, BT34 4AF', 
 'Aoife Donnelly,DJ Maguire and Associates, 83A Bridge St, Portadown, BT63 5AA', 
 "Seamus O'Hagan,O'Hagan & Murray Dental Surgery, 10 Trevor Hill, Newry, BT34 1DN/ O'Hagan & Murray Dental Surgery Old Mill, 40 John Street, Rathfriland, BT34 5QH", 
 'Stephen Rainey,New Row Dental, 39 New Row, Coleraine, BT52 1AE', 
 'Gavin Maguire & Jennie McClean,Dromore Dental, 25 Church Street, Dromore, BT25 1AA', 
 'Robert Millar,Dental Health Matters, Londonderry, BT476AG', 
 'Joe Murphy & Bibiana Blay-Montagut,BUPA Dental Care, Elliott House, 5-7 Belmore Street, Enniskillen, BT74 6AA', 
 'Birinder Singh & Claire Kelly,Catherine Street Dental Care, 38 Catherine Street, Limavady, BT49 9DB', 
 'Cara McAuley,Turk Dental Care, 114 Castlereagh Road, Belfast, BT5 5FR', 
 'Bathampton Dental Practice, 29 Holcombe Lane, Bathampton, Bath.', 
 'Keynsham Dental Care, 7 High Street, Keynsham, Bristol', 
 'Portishead Dental Practice, 52 Nore Road, Portishead, Bristol', 
 'My Dentist Filton Road Dental Practice, 114 Gloucester Road North, Filton, Bristol', 
 'Oldland Dental Practice, 206 High Street, Oldland Common, Bristol', 
 'Yate Dental Surgery, 2A North Walk, Yate, Bristol', 
 'Apple Dental Practice, 97 High Street, Winterbourne, Bristol', 
 'Redland Park Dental Surgery, 9 Redland Park, Redland, Bristol', 
 'Ashley Down Dental Care, 382 Gloucester Road, Horfield, Bristol', 
 'Purple Dental Care, 104 108 Gatcome Road, Hartcliffe, Bristol', 
 'Bupa Dental, 208 Painswick Road, Gloucester, Gloucestershire', 
 'The Rodney Dental Practice, 31 Rodney Road, Cheltenham, Gloucester', 
 'Nelson Street Dental Practice, 17 Nelson Street, Stroud, Gloucester', 
 'Oriel Villa Dental Surgery, 1 Oriel Villas Orial Road, Cheltenham, Gloucester', 
 'Bupa Dental Care Dursley, 40 Parsonage Street, Dursley, Gloucestershire', 
 'Quedgeley House Dental Practice, 39 42 Space Park Olympus Way, Quedgeley, Gloucestershire', 
 'Hathaway Dental Practice, 1st Floor Hathaway Medical Centre, Middlefield Road, Chippenham', 
 'Mr Mark Stewart & Mr Anthony Ihimekpen, Dunedin Dental Clinic, Unit 1A Silverdown Office Park, Exeter, Devon', 
 'Avenue Dental Surgery, 156 Avenue Road, Torqauy, Devon', 
 'Queen Annes Dental Practice, High Street, Bideford, Devon', 
 'Irish and King Dental Practice, 95 Pinhoe Road, Exeter, Devon', 
 'Chulmleigh Dental Practice Ltd, South Molton Street, Chulmleigh,', 
 'Riverside Dental Practice, Butts Path, Braunton, Devon', 
 'Matford Dental Clinic, 1A The Venture Centre, Yeoford Way, Marsh Barton Business Centre, Exeter', 
 'Salisbury Villa Dental Surgery, 1 Salisbury Terrace, Teignmouth, Devon', 
 'Apollonia House Dental Practice, Elysian Field Vicarage Road, Sidmouth, Devon', 
 '1A The Venture Centre, Yeoford Way, Exeter, Devon', 
 'Fairfield House Dental Surgery, 10 Salterton Road, Exmouth, Devon', 
 'East Street Dental Practice, 27 East Street, Blandford, Dorset', 
 'Mr Alastair Hetherington, Savernake Forest Dental Practice, Salisbury Road, Marlborogh, Wiltshire', 
 'Dental Centre Bournmouth, 11 The Triangle, Bournemouth, Dorset', 
 'Mrs Judith Denning & Mr Karan Ghataaura, Savernake Forest Dental Prcatice, 1 Hertford Road, Marlborough, Wiltshire', 
 'Dr Jessica Scott, Wessex House Dental Practice, Westbury, Sherborne, Dorset', 
 'Wareham Dental Practice, 16 West Street, Wareham, Dorset', 
 'Bupa Dental Care Warminster, 1 Station Road, Warminster, Wiltshire', 
 'Sarum Dental Practice, 208 Castle Street, Salisbury, Wiltshire', 
 'Fortuneswell Dental Practice, 84 Fortuneswell, Portland, Dorset', 
 'Mr Chris Simmons, Dunedin Dental Clinic, Unit 1A Silverdown Office Park, Exeter, Devon', 
 'Mr Paul Woodhouse & Miss Danielle Jones, Wessex House Dental Practice, Westbury, Sherborne, Dorset', 
 'Bupa Dental Care, 1a Madeira Road, Poole, Dorset', 
 'Hathaway Dental Practice, 2nd Floor Hathaway Medical Centre, Middlefield Road, Chippenham', 
 'Abbey Meads Dental Practice, Elstree Way, Swindon, Wiltshire', 
 'The Old Dispensary Dental Practice, 23 Queen Street, Dawlish, Devon', 
 'Millennium Dental Care, 130 Montreal Avenue, Horfield, Bristol', 
 'Corfe Mullen Dental Practice, 186 Wareham Road, Corfe Mullen, Wimborne', 
 'Castle View Dental Practice, 9 Park Hill, Tiverton, Devon', 
 'Mr Tim Hodges, Axminster Dental Practice, Weycroft Avenue, Axminster, Devon', 
 'Mr Justin Nuttall, Axminster Dental Practice, Weycroft Avenue, Axminster, Devon', 
 'Padstow Dental Practice, 18 Riverside, Padstow, Cornwall', 
 'Gentle Dental, 55 Henver Road, Newquay, Cornwall', 
 'Truro Dental Health, 46 Lemon Street, Truro, Cornwall', 
 'Fauchard House, 53 North Hill, Plymouth, Devon', 
 'Nuvo Dental and Implant Centre, Unit 23 Wolseley Business Park Wolseley Close, Plymouth, Devon', 
 'Central Park Dental Practice Ltd, 15 Milehouse Road, Plymouth,', 
 'The Treatment Centre, 1st Floor Tinners Court Back Quay, Truro, Cornwall', 
 'St Agnes Dental Practice, York House, 9 British Road, St Agnes, Cornwall', 
 'Mr Vinay Shah, Cheddar Dental Practice, Holmleigh The Barrows, Cheddar, Somerset', 
 'Mrs Jennifer Albiston, Church Street Dental Centre, 7A Church Street, Wincanton, Somerset', 
 'Mr Simon Albiston, Church Street Dental Centre, 7A Church Street, Wincanton, Somerset', 
 'North Petherton Dental Practice, 46 Fore Street, North Petherton, Somerset', 
 'Mr John Cantwell, Houston Group, 162 Milton Road, Weston Super Mare, North Somesret,', 
 'Parkfield Dental, Berrow Health Campus Brent Road, Burnham on Sea, Somerset', 
 'Grendon Lodge Dental Practice, 22 St Johns Road, Clevedon, North Somerset', 
 'Quantock View Dental Centre, Bridgewater Road, North Petherton, Somerset', 
 'Exmoor Dental Centre, 7 Bancks Street, Minehead, Somerset', 
 'Dulverton Dental Practice, Oldberry House Fishers Mead, Dulverton, Somerset', 
 'Dr Amy Considine, Alliance Dental Care, 164 166 Milton Road, Weston Super Mare, Somerset', 
 'Mrs Lucy Parke, Cheddar Dental Practice, Holmleigh, The Barrows, Somerset', 
 'Wichelstowe Dental Care, Staldon Court, East Wichel, Swindon, Wiltshire', 
 'Parkfield Dental Surgery, 13 Parkfield Road, Taunton, Somerset.', 
 'Abbey Dental Surgery, 5 Sheffield Road Slough SL2 3EG - HEE Thames Valley and Wessex', 
 'Windsor Road Dental Practice, 108 Windsor Road Slough SL1 2JA - HEE Thames Valley and Wessex', 
 'Abacus Dental Care, 52 Lennon Drive Milton Keynes MK8 0AS - HEE Thames Valley and Wessex', 
 'Amersham Hill Dental Clinic, 13 Amersham Hill Dental Clinic, High Wycombe HP13 6NR - HEE Thames Valley and Wessex', 
 'Bupa dentalcare Princes Risborough (Malthouse Dental Practice) 5-7 Duke Street Princes Risborough HP7 0AT - HEE Thames Valley and Wessex', 
 'Care Dental Windsor, 67 Dedworth Road, 67 Dedworth Road, Windsor - HEE Thames Valley and Wessex', 
 'Chess House Dental Practice, 3 Charles Kidnee Way, Stoke Mandeville  - HEE Thames Valley and Wessex', 
 'Milton Keynes Dental Clinic 251 Queensway Bletchley MK2 2EH - HEE Thames Valley and Wessex', 
 'STRATFORD HOUSE DENTAL PRACTICE 36 Stratford Road Wolverton MK12 5LW - HEE Thames Valley and Wessex', 
 'The Cambridge Street Dental Practice 7 Cambridge Street Aylesbury HP20 1RP - HEE Thames Valley and Wessex', 
 'Valley Dentalcare 205 Desborough Road High Wycombe HP11 2QL - HEE Thames Valley and Wessex', 
 'Ascot Dental Practice, 13 London Road South Ascot SL2 1HA - HEE Thames Valley and Wessex', 
 'Banbury Dental Practice 35 High Street Banbury OX16 5ER - HEE Thames Valley and Wessex', 
 'Bloxham Dental @ Banbury 49 The Green Southbar OX16 9AB - HEE Thames Valley and Wessex', 
 'Bloxham Dental Practice @ Bloxham Godswell Stables Church Street OX15 4ES - HEE Thames Valley and Wessex', 
 'Buckingham House Dental Practice 7 High Street Buckingham MK18 1NT - HEE Thames Valley and Wessex', 
 'Buttercross Dental Practice 17A Corn Street Witney OX28 6DB - HEE Thames Valley and Wessex', 
 'Haddenham Dental Centre Banks Cottage Banks Road Haddenham  HP17 8EE - HEE Thames Valley and Wessex', 
 'Temple Street Dental Practice 26 Temple Street Oxford OX4 1JS - HEE Thames Valley and Wessex', 
 'Wallingford House Dental 84 High Street Wallingford OX10 0BW - HEE Thames Valley and Wessex', 
 'Westbridge Dental Practice 127 Pound Way Oxford OX4 3XH - HEE Thames Valley and Wessex', 
 'Aldershot Dental Practice 165 Victoria Road GU11 1JR - HEE Thames Valley and Wessex', 
 'Farnham Road, 275 Farnham Road, Slough SL2 1HA - HEE Thames Valley and Wessex', 
 'Alton Dental 54 Anstey Road Alton GU34 2RE - HEE Thames Valley and Wessex', 
 'Burridge Dental Practice Ltd 205 Botley Road  Southampton SO31 1BJ - HEE Thames Valley and Wessex', 
 'Denbigh House 63 George Street Ryde Isle of Wight - HEE Thames Valley and Wessex', 
 'Emsworth Dental Surgery 30 High St Emsworth PO10 7AW - HEE Thames Valley and Wessex', 
 'Hampshire Terrace Dental Care Portsmouth  PO1 2QF .  HEE Thames Valley and Wessex', 
 'Magnolia House Dental Surgery 27 East Street Havant PO9 1AA -  HEE Thames Valley and Wessex', 
 'My Dentist Fordingbridge Highfield House Bartons Road Fordingbridge SP6 1JD -  HEE Thames Valley and Wessex', 
 'Precision Dental Practice 194A Havant Road Drayton Portsmouth PO6 2EH -  HEE Thames Valley and Wessex', 
 'Ringwood Dental 36 Southampton Road Ringwood BH24 1JD - HEE Thames Valley and Wessex', 
 'Smile Dental- Holbury(Trafalgar)Unit 9, Chevron Business Park Lime Kiln Lane, Holbury Southampton  SO45 2QL - HEE Thames Valley and Wessex', 
 'Optima Dental Care, 195 Boyn Valley Road, Maidenhead SL6 4DT - HEE Thames Valley and Wessex', 
 'Belmont Lodge Dental HC 2 Belmont Road Maidenhead SL6 6JW -  HEE Thames Valley and Wessex', 
 'BUSBY HOUSE DENTAL CENTRE 13 Hagbourne Road Didcot OX11 8DP -  HEE Thames Valley and Wessex', 
 'FLEET DENTAL LTD 37 Reading Road Fleet GU52 7QP -  HEE Thames Valley and Wessex', 
 'Gentle Dental Care, 6 Chapel Hill Tilehurst Reading RG31 5DG - HEE Thames Valley and Wessex', 
 'Teeth for Life (Aldershot Dental Centre) Wesley Chambers Queens Road Aldershot GU113JD  - HEE Thames Valley and Wessex', 
 'Sunningdale Dental Practice Station Chambers South Ascot  SL5 0EP -  HEE Thames Valley and Wessex', 
 'Smile Dental Twyford (Berkshire Dental Care) 8-10 High Street Twyford, RG10 9AE - HEE Thames Valley and Wessex', 
 'SC Dental Studio, 5 Kingfisher Court, 281 Farnham Road, Slough SL2 1JF - HEE Thames Valley and Wessex', 
 'Smile Dental Care Cippenham, 424 Bath Road Slough SL1 6JA - HEE Thames Valley and Wessex', 
 'Smile Dental  24, 24 High Street,  Slough SL1 1EQ - HEE Thames Valley and Wessex', 
 'Westwood Smile Dental Practice, 29 London Road, SL3 7RP - HEE Thames Valley and Wessex', 
 'Wexham Road Dental Surgery, 208 Wexham Road Slough SL2 5JP - HEE Thames Valley and Wessex', 
 'Mr Mohammad Abdel-Daym & Mr Mostafa Hassan - Eirlys Dental Practice, Bridge Street, Dolgellau, Gwynedd, LL40 1AU - www.eirlysdental.co.uk', 
 'Miss Sarah Walker - 3 grosvenor rd, colwynbay, ll29 7yf', 
 'Dr Nishat Afroz - 1-3 Lady Margaret Court, Penylan , Cardiff CF23 9AW', 
 'N/A - POST', 
 'Miss Sarah Gatley - Ground floor unit 6 Greenmeadow Springs Business Park, Village Way, Cardiff CF15 7NE', 
 'Mr Mark Hill & Mr Omar Parvaiz- 3-4 Park Place, Cardiff . CF10 3DP, www.parkplacedental.co.uk', 
 'Dr Owain Joynson - 2 Porthkerry Road, Barry, CF62 7AX', 
 'Dr Catrin Parry Jones - 62 Celyn Avenue, Lakeside, Cardiff, CF23 6EP', 
 'Dr Timothy Phillips - 6 Fairwater Green, Fairwater, Cardiff CF5 3BA, www.fairwatergreendentalpractice.co.uk', 
 'Mr Simon Ralphs - 157 Holton Road, Barry, Vale of Glamorgan, CF63 4HP', 
 'Mr Ioan Rees & Mr Tristan Roberts - Hywel Samuel & Associates, 28 St Mary Street, Cardiff, CF10 1AB', 
 'Dr John Barclay - High Street Ruabon, Wrexham, LL14 6NH', 
 'Mr Emyr Roberts : 4 Rachel Close, Danescourt, Cardiff. CF5 2SH, https://www.thecourtyarddental.com', 
 'Mr Ashish Shah - Hood Rd, Barry CF62 5QN', 
 'Mr James Cook - 43-44 Ringland Shopping Centre, Newport, NP19 9HQ', 
 'Dr Edward & Janine Cronin - 10 St. James Street, Monmouth, Monmouthshire, NP25 3DL', 
 'Dr Russell Gidney & Laura Davies - Unit 1, Beaufort Way, Thornwell, Chepstow. NP16 5UH, www.beaufortdentalcare.co.Uk', 
 'Dr Elizabeth Hancock - 3 Commercial Street, Risca, Gwent NP11 6AW', 
 'Dr Tim Harker - Llantarnam Road Cwmbran NP44 3BH', 
 'Mrs Lauren Harrhy - 4 Mervyn Terrace, Osborne Road, Pontypool, NP4 6NW', 
 'Mr Richard Horton - 5 & 6 Ceridwen Terrace, Pontypridd, CF37 4PD', 
 'Dr Adam Lody - 186 Newport Road, Caldicot , NP26 4AA', 
 'Mr Ravi Boojawon & Mr Daniel Prior - 1+2 Maelor Buildings, Heol Maelor, Coedpoeth, Wrexham,', 
 'Dr Julie Ransom - 16 Crickhowell Road, St.Mellons, Cardiff, CF30EF', 
 'Dr Leonard Smart - Bridge Dental Care, Old Greystones, Llanover Buildings, Victoria Terrace, Newbridge, www.lovingmysmile.co.uk', 
 'Dr Andrew Sullivan & Dr Lara Welch - 10 Northview Terrace, Caerphilly. CF83 1PE', 
 'Mr Tom Bysouth - 22 Stone Street, Llandovery, SA20 0JP & 18 Carmarthen Street, Llandeilo, SA19 6AE', 
 'Mrs Christina Evans -Unit 8, Parc Pensarn, Carmarthen, SA312NF', 
 'Mr Matthew Hopkins & Miss Verity Hill - Achuddu Villa Dental Practice, 18 Stepney Road, Burry Port, Camarthenshire, SA160BH', 
 'Mr William Howell - Cardigan Integrated Care Centre, Rhodfar Felin, Cardigan Ceredigion, SA43 1JX', 
 'Mrs Elizabeth Samways & Mr Andrew Lee - 2 Compton Houses, Westend, Penclawdd, Swansea, SA4 3YU, www.penclawdddentalpractice.co.uk', 
 'Miss Tesni Metcalfe - 2-3 Cradock Street, Swansea, SA1 3EN, www.willowsdentalswansea.co.uk', 
 'Dr Anne Walker & Dr Alexandra Zarenkova - St Teilo Dental Centre, 168 St Teilo Street, Pontarddulais SA4 8LH', 
 'Dr Ette Ntkekim & Dr Sioned Davie - Longford Road Dental Practice, Holyhead LL65 1TR', 
 'Dr Darrill Williams - 600 Mumbles road, Mumbles, Swansea', 
 'Port Talbot Resource Centre Dental Teaching Unit - Moore Road, Baglan Port Talbot, SA12 7EJ (Part of Swansea & West Wales scheme up to 4 posts available at this unit across various schemes)', 
 'Dr Zairah Buller & Dr Ruwa Kadenhe - 14 Commercial Street, Ogmore Vale, Bridgend, CF32 7BL', 
 'Mr James Crouch-Baker - Eastside Dental, First floor Beacon Centre For Health, Langdon Road, Swansea, SA1 8QY', 
 'Mrs Rebeca Herbert - 100 Herbert Street, Pontardawe, Swansea, SA8 4ED & 91 Walter Road, Swansea, SA1 4QF', 
 'Dr Dharminy Martin : 25 High Street. Glynneath, Neath, SA11 5BS, https://www.glynneathdental.com/', 
 'Mr Mustafa Mukhaiber - Ty Gwyn Dental Practice, 14 sway road, morriston, swansea', 
 'Dr Cheryl Roach -Price - 22a Caroline Street ,Bridgend,CF31 1DQ', 
 'Ms Allison Walker - 7-9 Pentrepoeth Road, Morriston, Swansea SA6 6AA', 
 'Dr Christopher Woods - 65 Walter road, Uplands, Swansea, SA1 4PT', 
 'Mr Selwyn Edwards & Corrin Hickerton - station road,rossett,wrexham,ll12ohe', 
 'Port Talbot Resource Centre Dental Teaching Unit - Moore Road, Baglan Port Talbot, SA12 7EJ - (Part of Swansea Vale scheme up to 4 posts available at this unit across various schemes)', 
 'Dr Sian Blackshaw - 148 High Street, Cefn Coed, Merthyr Tydfil, CF48 2PL', 
 'Mrs Sonal Chalishazar & Mrs Shilpa Chaudhry - 3 Maendy Place, Aberdare, CF44 7 AY', 
 'Mrs Evelyn Gough - Love Lane, Pendre, Builth Wells LD2 3DG & Cerrigcochion Road, Brecon, Ld3 7NS', 
 'Dr Paul Jones & Dr Joshua Scaife - Taf Dental Care, 18 Morgan Street, Pontypridd, CF37 2DS & Rookwood House, Gwaelodygarth Ln, Merthyr Tydfil CF47 8EX', 
 'Dr Roshahn Martin - 17 Commercial Street, Ystradgynlais, Swansea, SA9 1HD', 
 'Dr Nathan Welch : 21 Grawen Street, Porth, Rhondda Cynon Taf, CF39 0BU, https://www.goodwindental.co.uk/dft', 
 'Dr Jane Williams - Cerrigcochion Road, Brecon, Ld3 7NS', 
 'Dr Neil Wilson  - church street dental practice, 3 church street CF470BA', 
 'Glamorgan Vale & Beacons Scheme - Porth Dental Teaching Unit - 6 Pontypridd Road, Porth, CF39 9PH', 
 'Miss Laura Feely - 12 Grosvenor Street, Mold, Ch71EJ', 
 'Porth Dental Teaching Unit - 6 Pontypridd Road, Porth, CF39 9PH', 
 'Port Talbot Resource Centre Dental Teaching Unit - Moore Road, Baglan Port Talbot, SA12 7EJ', 
 'Dr Mark Rice-Jones - The Dental Centre Oakdale, The square, Oakdale,Blackwood, Gwent, NP12 0LR', 
 'Mr Joseph M Klevin Fernando - 14 Salem Street, Amlwch, Anglesey, LL68 9BP', 
 "Mrs Donna Jackson - connah's quay dental practice ltd, 107A High St, Flintshire, CH5 4DF,www.connahsquaydentalpractice.co.uk", 
 'Mr Ravdeep Johal & Mrs  Pamela Tomlinson - 27, Market Street, Rhosllanerchrugog, Wrexham, LL14 1AH', 
 'Karen Alison Thornley, Harpreet Chowlia:  Walmley Dental Practice: Sutton Coldfield, West Midlands. https://heeoe.hee.nhs.uk/node/8222', 
 'Prasad Vishnupurikar, :  Village Dental Surgery: Birmingham, West Midlands. https://heeoe.hee.nhs.uk/node/8291', 
 'Prakash Parekh, :  Family Dental Centre: Birmingham, West Midlands. https://heeoe.hee.nhs.uk/node/8218', 
 'Ronak Osman, :  Face Dental: Coventry, West Midlands. https://heeoe.hee.nhs.uk/node/8230', 
 'Shobhna Chauhan, :  Asden House Dental Clinic: West Bromwich, West Midlands. https://heeoe.hee.nhs.uk/node/8209', 
 'Tariq Mahmood, :  Asden House Dental Clinic: West Bromwich, West Midlands. https://heeoe.hee.nhs.uk/node/8217', 
 'Vijay Sudra, :  Shard End Dental Practice: Birmingham, West Midlands. https://heeoe.hee.nhs.uk/node/8220', 
 'Ramandeep  Uppal, :  Handsworth Dental Care: Handsworth, Birmingham, West Midlands. https://heeoe.hee.nhs.uk/node/8221', 
 'Abhijit Pal, Fatimah Jawaid:  University Dental  and Implant Centre: Edgbaston, Birmingham, West Midlands. https://heeoe.hee.nhs.uk/node/8212', 
 'Abid Hussain, :  Smiles 4 U Dental Surgery: Erdington, Birmingham, West Midlands. https://heeoe.hee.nhs.uk/node/8211', 
 'Amit Kohli, :  City Dental Practice: Winson Green, Birmingham, West Midlands. https://heeoe.hee.nhs.uk/node/8214', 
 'Arvinder Khatkar, :  Brandhall Dental Care: Oldbury, Birmingham,West Midlands . https://heeoe.hee.nhs.uk/node/8213', 
 'Cyrus  Parvis, :  Torcross Dental Practice: Coventry, West Midlands. https://heeoe.hee.nhs.uk/node/8233', 
 'Hussein  Patanwala, Ralitsa Patanwala:  Oakville Dental : Birmingham, West Midlands. https://heeoe.hee.nhs.uk/node/8219', 
 'Chloe Hughes, Nicholas Meixner:  Bidford Dental Practice: Bidford upon Avon, Warwickshire. https://heeoe.hee.nhs.uk/node/8457', 
 'Isabel Kane, :  Water Orton Dental Centre: Water Orton, North Warwickshire. https://heeoe.hee.nhs.uk/node/8227', 
 'Maninder Gill, :  Wisdom Dental Care: Birmingham, West Midlands. https://heeoe.hee.nhs.uk/node/8288', 
 'Kaivan Hashemi, Dr Aisha Awan:  Heathfield Dental Practice: Handsworth, West Midlands. https://heeoe.hee.nhs.uk/node/8210', 
 'Ashok Solanki, Kaajal Solanki:  Solanki Dental Practice: Birmingham, West Midlands. https://heeoe.hee.nhs.uk/node/8248', 
 'Camila Dhaya, :  Castle Dental Care: Castle Vale, Birmingham, West Midlands. https://heeoe.hee.nhs.uk/node/8241', 
 'Hurjoht Virdee, Zubair Sacranie:  Solihull Dental Centre and Implant Clinic: Solihull, West Midlands. https://heeoe.hee.nhs.uk/node/8247', 
 'Jatinder Kaur, Ravinder Kumar Jakhu:  Castle Dental Care: Birmingham, West Midlands. https://heeoe.hee.nhs.uk/node/8244', 
 'Ravinder Jakhu, Jatinder Kaur:  Castle Dental Care: Birmingham, West Midlands. https://heeoe.hee.nhs.uk/node/8438', 
 'Mohammed Binamin, :  Widney Dental Care: Knowle, West Midlands. https://heeoe.hee.nhs.uk/node/8239', 
 'Rajesh Kumar Handa, :  Aesthetics Dental and Implant Surgery: Birmingham, West Midlands. https://heeoe.hee.nhs.uk/node/8243', 
 'Rajiv Tanday, :  Shirley Dental Care: Solihull, West Midlands. https://heeoe.hee.nhs.uk/node/8249', 
 'Robert Tobin, :  The Dental Centre: Chelmsley Wood, West Midlands. https://heeoe.hee.nhs.uk/node/8250', 
 'Ruhel Alam, :  Castle Bromwich Dental Care: Castle Bromwich, Birmingham, West Midlands. https://heeoe.hee.nhs.uk/node/8237', 
 'Simon Clarke, Thomas Huddleston:  76dental: Water Orton, Birmingham, West Midlands. https://heeoe.hee.nhs.uk/node/8240', 
 'Tarlok Marok, :  Acocks Green Dental Practice: Birmingham, West Midlands. https://heeoe.hee.nhs.uk/node/8245', 
 'Harinder Amrik, :  Roseville Dental Practice: Coseley, West Midlands. https://heeoe.hee.nhs.uk/node/8238', 
 'Paresh Parsotam, :  Bells Lane Dental Practice: Druids Heath, Birmingham, West Midlands. https://heeoe.hee.nhs.uk/node/8246', 
 'Rohit Farmah, :  Addison Dental Practice: West Heath, Birmingham, West Midlands. https://heeoe.hee.nhs.uk/node/8242', 
 'Mohammed Habib, :  Bhandal Dental Practice: South Yardley, Birmingham, West Midlands. https://heeoe.hee.nhs.uk/node/8225', 
 'Ceri  Dewar, :  Kyrle Street Dental Practice: Hereford, Herefordshire. https://heeoe.hee.nhs.uk/node/8253', 
 'Emily Purdy, :  Webheath Dental Practice: Redditch, Worcestershire. https://heeoe.hee.nhs.uk/node/8259', 
 'Madeleine Bickley, :  Lansdowne House Dental Practice : Bromsgrove, Worcestershire. https://heeoe.hee.nhs.uk/node/8252', 
 "Michelle D'Mello Kenth, :  Dentist@Redhouse: Redditch, Worcestershire. https://heeoe.hee.nhs.uk/node/8258", 
 'Nikesh  Kalidas, :  Stanley Dental Practice: Kidderminster, Worcestershire. https://heeoe.hee.nhs.uk/node/8254', 
 'Pravesh Kenth, :  Dentist@Redhouse: Redditch, Worcestershire. https://heeoe.hee.nhs.uk/node/8255', 
 'Pritesh Solanki, Ravi Solanki:  New Road Dental: Bromsgrove, Worcestershire. https://heeoe.hee.nhs.uk/node/8437', 
 'Ravi   Solanki, Pritesh Solanki:  New Road Dental: Bromsgrove, Worcestershire. https://heeoe.hee.nhs.uk/node/8261', 
 'Richard Arrowsmith, :  R A Arrowsmith Dental Practice: Stourport-on-Severn , Worcestershire. https://heeoe.hee.nhs.uk/node/8251', 
 'Shantalutchmee Mestry, :  Dental Centre of Excellence: Redditch, Worcestershire. https://heeoe.hee.nhs.uk/node/8256', 
 'Teresa Whitmore, :  Sutton Park Dental Centre: Kidderminster, Worcestershire. https://heeoe.hee.nhs.uk/node/8262', 
 'Thegan Moodley, :  Sandon Dental Practice: Smethwick, Birmingham, West Midlands. https://heeoe.hee.nhs.uk/node/8257', 
 'Surbjeet Matharoo, :  Bridge Dental Practice: Leamington Spa, Warwickshire. https://heeoe.hee.nhs.uk/node/8284', 
 'Lisa Turner, :  Bridge Dental Practice: Leamington Spa, Warwickshire. https://heeoe.hee.nhs.uk/node/8236', 
 'Fuzail Jamall, :  Pennington Dental Stratford: Stratford Upon Avon, Warwickshire. https://heeoe.hee.nhs.uk/node/8226', 
 'Usha Murria, :  Alvechurch Dental Practice : Alvechurch, Worcestershire. https://heeoe.hee.nhs.uk/node/8287', 
 'Anita Kundra, :  oraco: Wednesbury, West Midlands. https://heeoe.hee.nhs.uk/node/8216', 
 'Anthony Griffiths, :  Oswyn House Dental Practice: Oswestry, Shropshire. https://heeoe.hee.nhs.uk/node/8271', 
 'Balbir Bhandal, :  Bhandal Dental Practice: Cradley Heath, West Midlands. https://heeoe.hee.nhs.uk/node/8265', 
 'Brij Dhody, :  Brij Dhody Dental Practice: Wolverhampton, West Midlands. https://heeoe.hee.nhs.uk/node/8268', 
 'Harjinder Basra, :  Station House Dental Practice: Oakengates, Telford, Shropshire. https://heeoe.hee.nhs.uk/node/8264', 
 'Jaininder Bajaj, :  Kainth Dental Practice: West Bromwich, West Midlands. https://heeoe.hee.nhs.uk/node/8263', 
 'Kuldip Gakhal, :  The Smile Works, Carlton Chamber Dental Practice: Wellington, Telford, Shropshire. https://heeoe.hee.nhs.uk/node/8269', 
 'Natalie Walker, :  Dawley Dental Practice: Telford, Shropshire. https://heeoe.hee.nhs.uk/node/8272', 
 'Rishi Chande, :  Dawley Family Dental: Dawley, Telford, Shropshire. https://heeoe.hee.nhs.uk/node/8266', 
 'Jugminder Sanghera, :  Mercian House Dental Practice: Stourport-on-Severn, Worcestershire. https://heeoe.hee.nhs.uk/node/8260', 
 'Manoj Dhanda, :  Key Dental Practice: Walsall, West Midlands. https://heeoe.hee.nhs.uk/node/8267', 
 'Deepa Joseph, :  Greenfields Dental Surgery: Shrewsbury, Shropshire. https://heeoe.hee.nhs.uk/node/8286', 
 'Ravinder Kudhail, :  Sedgley Dental Care: Sedgley, West Midlands. https://heeoe.hee.nhs.uk/node/8215', 
 'Eby Chacko, :  Stretton Dental Practice: Church Stretton, Shropshire. https://heeoe.hee.nhs.uk/node/8290', 
 'Balraj Dhami, Amita Janda:  Sutton Dental Care: Sutton Coldfield, West Midlands. https://heeoe.hee.nhs.uk/node/8276', 
 'Bhaven  Patel, :  Great Wyrley Dental Practice: Great Wyrley, Walsall, West Midlands. https://heeoe.hee.nhs.uk/node/8282', 
 'Daljit Singh, :  Park Dental Practice: Leek, Staffordshire. https://heeoe.hee.nhs.uk/node/8283', 
 'Emad Moore, :  Cannock Dental Practice: Cannock, Staffordshire. https://heeoe.hee.nhs.uk/node/8280', 
 'Harkamel Gill, :  Blue Cross Dental Care: Wolverhampton, West Midlands. https://heeoe.hee.nhs.uk/node/8270', 
 'Renuka Handa, :  Pickering House Dental and Implant Surgery: Lichfield, Staffordshire . https://heeoe.hee.nhs.uk/node/8274', 
 'Saleem Mulla, :  Inspire Dental Centre: Heath Hayes, Cannock, Staffordshire. https://heeoe.hee.nhs.uk/node/8281', 
 'Tarlochan Jheeta, :  Premier Dental Care: Walsall, West Midlands. https://heeoe.hee.nhs.uk/node/8277', 
 'Kevin Kain, :  Dam Street Dental Practice: Lichfield, Staffordshire . https://heeoe.hee.nhs.uk/node/8278', 
 'Mohammed Afy Ilyas, Jamini Parmar:  Dental Health Stop: Wolverhampton, West Midlands. https://heeoe.hee.nhs.uk/node/8275', 
 'Kayleigh  Vassel , :  Priory Dental Practice: Walsall, West Midlands. https://heeoe.hee.nhs.uk/node/8285', 
 'Lucy Makin, Omair Afzal:  Mere Green Dental Care: Sutton Coldfield, West Midlands. https://heeoe.hee.nhs.uk/node/8279', 
 'Odessa De Fatima Garcia Santos, :  Milehouse Dental Practice : Newcastle-Under-Lyme, Staffordshire. https://heeoe.hee.nhs.uk/node/8273', 
 'Gurjit Moore, :  oraco dental PELSALL: Walsall, West Midlands. https://heeoe.hee.nhs.uk/node/8289', 
 'Priya  Gajree, :  Sixteen A Dental Care: Swadlincote, Derbyshire. https://heeoe.hee.nhs.uk/node/8342', 
 'Rodrigo  Pacheco , :  Sixteen A Dental Care: Swadlincote, Derbyshire. https://heeoe.hee.nhs.uk/node/8345', 
 'Glen Lea Dental Suite - DCT component based in York', 
 'mydentist hessle road- DCT component based in Hull', 
 'Peel Park Dental Practice - DCT component based in Bradford', 
 'Dewsbury Dental Centre, 15 Halifax Road, Dewsbury, WF132JH - DCT component based in Wakefield', 
 'A and S Dental Surgeons Ltd, 65 Duckworth Lane,  Bradford, BD9 5EU - DCT component based in Bradford', 
 'Bawtry Dental Practice, 5 Swan Street, Bawtry, DN10 6JQ', 
 'Firth Park Dental Sheffield, 420 Firth Park Road, Sheffield, S5 6HH', 
 'Genesis Dental Care, 317 Doncaster Road, Stairfoot, Barnsley,  S70 3PW', 
 'Handsworth Dental Care,  269 Handsworth Road, Handsworth, Sheffield, S13 9BN', 
 'HEMPER LANE DENTAL PRACTICE, 58, HEMPER LANE, SHEFFIELD, S8 7FD', 
 'High Green Dental Practice, 3a Wortley Road, High Green, Sheffield, S35 4LQ', 
 'High Street Dental Care, 99 High Street , Mosborough, Sheffield, S20 5AF', 
 'Hurlfield Dental Practice , 49 Hurlfield Road Sheffield , S12 2SD', 
 'IMPRESSIONS DENTAL CARE, GRANGE VILLA , 20 THORNE RD, DONCASTER, DN1 2HS', 
 'Kimberworth Park Dental Practice, 248 Kimberworth Park Road, Rotherham, S61 3JN', 
 'Bramley Dental Practice, 93-95 Main Street, Bramley, Rotherham, S66 2SE', 
 'Laughton Road Dental Care, 62 Laughton Road, Dinnington, Sheffield, S25 2PS', 
 'LWT Dental Care, 719, Ecclesall Road, Ecclesall, Sheffield, S11 8TG', 
 'Montgomery Dental Care, 83 Infirmary Road, Sheffield, Sheffield, S6 3BZ', 
 'My Dentist Effingham Square, 3 Effingham Square, Town Centre, Rotherham, S65 1AP', 
 'Prime Dental Care, 234a, Rotherham Road, Maltby, Rotherham, S66 8ND', 
 'Richmond Dental Care, 427-429 Richmond Road, Handsworth, Sheffield, S13 8LU', 
 'Royd House, 5 Highfields, , Doncaster Road, Rotherham, S65 1DY', 
 'Sandygate Dental Practice, 17A Sandygate Road, Sheffield, S10 5NG', 
 'Skellow Dental Practice, 205 Skellow Road, Skellow, Doncaster, DN6 8HP', 
 'Southey Hill Dental Practice, 30 Southey Hill, Sheffield, Sheffield, S5 8BE', 
 'Broadfield Dental Practice, 6 Broadfield Close, Sheffield, S8 0XN', 
 'Taptonville House Dental, 1 Taptonville Road, Broomhill, Sheffield, S10 5BQ', 
 'Thompson and Thomas @ Fairlawns, 621 Middlewood Road, Middlewood, Sheffield, S6 1TT', 
 'Thompson and Thomas LLP, 76 Langsett Road, Yorkshire, Sheffield, S6 2UB', 
 'Whitegates Dental group practice, 103 Thorne Rd, Doncaster, DN2 5BE', 
 'Woodhouse Dental Practice, 15 -17 Chapel Street, Woodhouse , Sheffield, S13 7JL', 
 'Wright Dental Care Worksop, Lyndholme, Newcastle Avenue, Worksop, S80 2AS', 
 'Fieldside Dental Practice, 16 Fieldside, Thorne, Doncaster,  DN8 4BQ', 
 'Castle Dental Practice, 309 City Road, Sheffield, S2 5HJ', 
 'Chapeltown Dental Care, 97 Loundside, Chapeltown, Sheffield, S35 2US', 
 'Darnall Dental Clinic, 652-4 Staniforth Road, Darnall, Sheffield, S9 4LP and Jordanthorpe Dental Care, 1 Dyche Close, Jordanthorpe, Sheffield. S8 8DJ - This is a split post working across both sites gaining experience in GDS and CDS services over one year.', 
 'Dental 22, Chapelgate, Retford, DN22 6PL', 
 'Dinnington Dental Practice, New Street, Dinnington, Sheffield, S25 2EX', 
 '17 Hick Lane, Batley,  WF17 5TD', 
 'Eclipse Dental Care, 27 Branch Road, Batley, WF17 5SB', 
 'Garforth Dental, 35B Main Street, Garforth, Leeds, LS25 1DS', 
 'Horsforth Smile Clinic, 2 Town Street, Horsforth, Leeds, LS18 4RJ', 
 'Avondale Dental Practice, 54, Bradford Road, Shipley, BD18 3NT', 
 'Market Dental Care, Barnsley Road, South Elmsall, WF9 2SE', 
 "Milne Spencer and Harris Dental Practice, King's Medical Centre, King Edward Street, Normanton, Wakefield, WF6 2AZ", 
 'Montreal Dental Care, 8 Montreal Avenue, Chapel Allerton, Leeds, LS7 4LF', 
 'Moorside Dental Practice, 1 Forest Grove, Halifax, HX28AU', 
 'Wood Dental, 98 Huddersfield Road, Mirfield, WF14 8AF', 
 'Harriet Jones/Michael  Ward, PR P R Jones and Associates, Mannington, 134 Southgate,  Pontefract, WF8 1QT', 
 'Armstrong and Haire Ltd', 
 'Paul Ellul, Manor Square Dental Practice, 10 Manor Square, Otley, LS21 3AP', 
 'Rayner Dental Practice, 101 St Enochs Road, Bradford, West Yorkshire,   BD6 3AD', 
 'Roydhouse Dental Practice Ltd, 99 East Street, Lindley, Huddersfield, HD33NF', 
 'Stable Court Dental Surgery, Victoria Court, 91 Huddersfield Road, Holmfirth, HD9 3JA', 
 'Horbury Dental Care and Implant Centre, Horbury Dental Care and Implant Centre, Vincent House, Queen Street, Horbury, Wakefield, WF4 6LP', 
 'Bupa Dental Care Ltd, 19 Cemetery Road, Heckmondwike, WF16 9QS', 
 'BUPA DENTAL CARE, 8 THE GREEN , GUISELEY, LEEDS, LS20 9BT', 
 'Chris Anderson Dental Surgeon Ltd, Rastrick Dental Surgery, 10 Church Street, Rastrick, Brighouse, HD6 3NF', 
 'Walrus Dental Care, 31 Highroad Well Lane, Halifax, West Yorkshire, Halifax, HX2 0LY', 
 'Deu Dental Care, 10 Otley Road, Headingley, Leeds, LS6 2AD', 
 'Street Lane Dental Centre, 457 Street Lane, Moortown, Leeds, LS17 6HQ', 
 'Eccleshill Dental, 9 Institute Road, Eccleshill, Bradford, BD22HY', 
 '543 DENTAL CENTRE LIMITED, 543 DENTAL CENTRE, 543 ANLABY ROAD, HULL, HU3 6HP', 
 'Falsgrave Dental surgery, 21 Falsgrave Road, SCARBOROUGH, Scarborough, YO12 5EA', 
 'Hopkins and Poyner Dental surgery, 29 High Petergate, York,  YO1 7HP', 
 'Temple Practice, 375-377 Harrogate Road, Moortown, Leeds, LS17 6DW', 
 'Jennyfields Dental Practice, Jennyfields Health Centre, Grantley Drive, Harrogate, HG3 2XT', 
 'Lion House Dental Practice, 6 Pottergate, Richmond, North Yorkshire,  DL104AB', 
 'Mount Parade Dental Surgery, 14 Mount Parade, Harrogate, North Yorkshire, HG1 1BX', 
 'My Dentist Hessle Grange, 1 Southgate, Hessle, Hull,  HU13 0RB', 
 'My Dentist, 1133  Hessle Road,  Hull, HU4 6SB', 
 'Alpha Dental Studio, Mawson House, Bedale, DL8 1AW', 
 'North Park Dental Practice, 3 North Park Road, Harrogate, HG1 5PD', 
 'ALPHA DENTAL CATTERICK GARRISON, 16B HILDYARD ROW,  CATTERICK GARRISON, DL94DH', 
 'Pickering Dental Health Practice, Hungate, Pickering, YO18 7DL', 
 'Perfect 32, 8 Ladygate, Beverley, HU17 8BH', 
 'Selby Dental Care, 28 New Lane, Selby, YO8 4QB', 
 '70 The Village, Haxby, York, YO32 2HX', 
 'Peasholme Dental Practice, 43 Northstead Manor Drive, Scarborough,  YO12 6AF', 
 'Alpha Dental Studio, 119 High St, Great Ayton, Middlesbrough, TS96BW', 
 'Alpha Dental Studio, Alpha Dental Studio, Brompton Road,  Northallerton, DL6 1DY', 
 'Archway Dental Practice, 15 High Street,  Stokesley, Middlesbrough, North Yorkshire,  TS9 5AD', 
 'Telford house, 17 Bridlington street, Hunmanby, YO14 0JR', 
 'Rachel Adams, Beech House Dental Practice, 2 North Road, Ripon, HG4 1HN', 
 'Roger James Bromily/Sabar Hussain, Beech House Dental Practice, 2 North Road, Ripon, HG4 1HN', 
 'Exchange Street Practice, 25 Exchange Street, Driffield, YO25 6LJ']
